Timestamp,PendingId,MarketCondition,Confidence,Band,Action,LotEngine,LotAdjusted,Entry,TP,SL,ATR,H4Level,LatencyMs,OwnerRule,Reason,Activation
2026-07-30T09:11:07.382Z,1,"Strong Trend",88.26,STRONG,NORMAL,0.5,0.5,2650,2662.5,2647,12.5,1,1.0015,"TradeExactAsEngine","ExecConf=88 Band=STRONG Spread=85 Vol=55 Trend=92 News=80 Broker=90 | TradeExactAsEngine",PENDING_ONLY
2026-07-30T09:11:07.398Z,2,"Strong Trend",88.26,STRONG,NORMAL,0.5,0.5,2651.7,2663,2647.5,12.5,2,0.1162,"TradeExactAsEngine","ExecConf=88 Band=STRONG Spread=85 Vol=55 Trend=92 News=80 Broker=90 | TradeExactAsEngine",PENDING_ONLY
2026-07-30T09:11:07.398Z,3,"Strong Trend",88.26,STRONG,NORMAL,0.5,0.5,2653.4,2663.5,2648,12.5,3,0.0683,"TradeExactAsEngine","ExecConf=88 Band=STRONG Spread=85 Vol=55 Trend=92 News=80 Broker=90 | TradeExactAsEngine",PENDING_ONLY
2026-07-30T09:11:07.398Z,4,"Strong Trend",88.26,STRONG,NORMAL,0.5,0.5,2651.5,2664,2648.5,12.5,4,0.0484,"TradeExactAsEngine","ExecConf=88 Band=STRONG Spread=85 Vol=55 Trend=92 News=80 Broker=90 | TradeExactAsEngine",PENDING_ONLY
2026-07-30T09:11:07.399Z,5,"Strong Trend",88.26,STRONG,NORMAL,0.5,0.5,2653.2,2664.5,2649,12.5,5,0.0846,"TradeExactAsEngine","ExecConf=88 Band=STRONG Spread=85 Vol=55 Trend=92 News=80 Broker=90 | TradeExactAsEngine",PENDING_ONLY
2026-07-30T09:11:07.399Z,6,"Strong Trend",88.26,STRONG,NORMAL,0.5,0.5,2654.9,2665,2649.5,12.5,6,0.0614,"TradeExactAsEngine","ExecConf=88 Band=STRONG Spread=85 Vol=55 Trend=92 News=80 Broker=90 | TradeExactAsEngine",PENDING_ONLY
2026-07-30T09:11:07.401Z,7,"Strong Trend",88.26,STRONG,NORMAL,0.5,0.5,2653,2665.5,2650,12.5,1,1.4104,"TradeExactAsEngine","ExecConf=88 Band=STRONG Spread=85 Vol=55 Trend=92 News=80 Broker=90 | TradeExactAsEngine",PENDING_ONLY
2026-07-30T09:11:07.401Z,8,"Strong Trend",88.26,STRONG,NORMAL,0.5,0.5,2654.7,2666,2650.5,12.5,2,0.0674,"TradeExactAsEngine","ExecConf=88 Band=STRONG Spread=85 Vol=55 Trend=92 News=80 Broker=90 | TradeExactAsEngine",PENDING_ONLY
2026-07-30T09:11:07.401Z,9,"Strong Trend",88.26,STRONG,NORMAL,0.5,0.5,2656.4,2666.5,2651,12.5,3,0.0857,"TradeExactAsEngine","ExecConf=88 Band=STRONG Spread=85 Vol=55 Trend=92 News=80 Broker=90 | TradeExactAsEngine",PENDING_ONLY
2026-07-30T09:11:07.402Z,10,"Strong Trend",88.26,STRONG,NORMAL,0.5,0.5,2654.5,2667,2651.5,12.5,4,0.1439,"TradeExactAsEngine","ExecConf=88 Band=STRONG Spread=85 Vol=55 Trend=92 News=80 Broker=90 | TradeExactAsEngine",PENDING_ONLY
2026-07-30T09:11:07.402Z,11,"Strong Trend",88.26,STRONG,NORMAL,0.5,0.5,2656.2,2667.5,2652,12.5,5,0.0617,"TradeExactAsEngine","ExecConf=88 Band=STRONG Spread=85 Vol=55 Trend=92 News=80 Broker=90 | TradeExactAsEngine",PENDING_ONLY
2026-07-30T09:11:07.402Z,12,"Strong Trend",88.26,STRONG,NORMAL,0.5,0.5,2657.9,2668,2652.5,12.5,6,0.0268,"TradeExactAsEngine","ExecConf=88 Band=STRONG Spread=85 Vol=55 Trend=92 News=80 Broker=90 | TradeExactAsEngine",PENDING_ONLY
2026-07-30T09:11:07.402Z,13,"Strong Trend",88.26,STRONG,NORMAL,0.5,0.5,2656,2668.5,2653,12.5,1,0.0348,"TradeExactAsEngine","ExecConf=88 Band=STRONG Spread=85 Vol=55 Trend=92 News=80 Broker=90 | TradeExactAsEngine",PENDING_ONLY
2026-07-30T09:11:07.402Z,14,"Strong Trend",88.26,STRONG,NORMAL,0.5,0.5,2657.7,2669,2653.5,12.5,2,0.0234,"TradeExactAsEngine","ExecConf=88 Band=STRONG Spread=85 Vol=55 Trend=92 News=80 Broker=90 | TradeExactAsEngine",PENDING_ONLY
2026-07-30T09:11:07.403Z,15,"Strong Trend",88.26,STRONG,NORMAL,0.5,0.5,2659.4,2669.5,2654,12.5,3,0.0231,"TradeExactAsEngine","ExecConf=88 Band=STRONG Spread=85 Vol=55 Trend=92 News=80 Broker=90 | TradeExactAsEngine",PENDING_ONLY
2026-07-30T09:11:07.403Z,16,"Strong Trend",88.26,STRONG,NORMAL,0.5,0.5,2657.5,2670,2654.5,12.5,4,0.0250,"TradeExactAsEngine","ExecConf=88 Band=STRONG Spread=85 Vol=55 Trend=92 News=80 Broker=90 | TradeExactAsEngine",PENDING_ONLY
2026-07-30T09:11:07.403Z,17,"Strong Trend",88.26,STRONG,NORMAL,0.5,0.5,2659.2,2670.5,2655,12.5,5,0.0308,"TradeExactAsEngine","ExecConf=88 Band=STRONG Spread=85 Vol=55 Trend=92 News=80 Broker=90 | TradeExactAsEngine",PENDING_ONLY
2026-07-30T09:11:07.403Z,18,"Strong Trend",88.26,STRONG,NORMAL,0.5,0.5,2660.9,2671,2655.5,12.5,6,0.0511,"TradeExactAsEngine","ExecConf=88 Band=STRONG Spread=85 Vol=55 Trend=92 News=80 Broker=90 | TradeExactAsEngine",PENDING_ONLY
2026-07-30T09:11:07.403Z,19,"Strong Trend",88.26,STRONG,NORMAL,0.5,0.5,2659,2671.5,2656,12.5,1,0.0482,"TradeExactAsEngine","ExecConf=88 Band=STRONG Spread=85 Vol=55 Trend=92 News=80 Broker=90 | TradeExactAsEngine",PENDING_ONLY
2026-07-30T09:11:07.403Z,20,"Strong Trend",88.26,STRONG,NORMAL,0.5,0.5,2660.7,2672,2656.5,12.5,2,0.0571,"TradeExactAsEngine","ExecConf=88 Band=STRONG Spread=85 Vol=55 Trend=92 News=80 Broker=90 | TradeExactAsEngine",PENDING_ONLY
2026-07-30T09:11:07.403Z,21,"Strong Trend",88.26,STRONG,NORMAL,0.5,0.5,2662.4,2672.5,2657,12.5,3,0.0401,"TradeExactAsEngine","ExecConf=88 Band=STRONG Spread=85 Vol=55 Trend=92 News=80 Broker=90 | TradeExactAsEngine",PENDING_ONLY
2026-07-30T09:11:07.404Z,22,"Strong Trend",88.26,STRONG,NORMAL,0.5,0.5,2660.5,2673,2657.5,12.5,4,0.0244,"TradeExactAsEngine","ExecConf=88 Band=STRONG Spread=85 Vol=55 Trend=92 News=80 Broker=90 | TradeExactAsEngine",PENDING_ONLY
2026-07-30T09:11:07.404Z,23,"Strong Trend",88.26,STRONG,NORMAL,0.5,0.5,2662.2,2673.5,2658,12.5,5,0.0365,"TradeExactAsEngine","ExecConf=88 Band=STRONG Spread=85 Vol=55 Trend=92 News=80 Broker=90 | TradeExactAsEngine",PENDING_ONLY
2026-07-30T09:11:07.404Z,24,"Strong Trend",88.26,STRONG,NORMAL,0.5,0.5,2663.9,2674,2658.5,12.5,6,0.0235,"TradeExactAsEngine","ExecConf=88 Band=STRONG Spread=85 Vol=55 Trend=92 News=80 Broker=90 | TradeExactAsEngine",PENDING_ONLY
2026-07-30T09:11:07.404Z,25,"Strong Trend",88.26,STRONG,NORMAL,0.5,0.5,2662,2674.5,2659,12.5,1,0.0220,"TradeExactAsEngine","ExecConf=88 Band=STRONG Spread=85 Vol=55 Trend=92 News=80 Broker=90 | TradeExactAsEngine",PENDING_ONLY
2026-07-30T09:11:07.404Z,26,"Strong Trend",88.26,STRONG,NORMAL,0.5,0.5,2663.7,2675,2659.5,12.5,2,0.0279,"TradeExactAsEngine","ExecConf=88 Band=STRONG Spread=85 Vol=55 Trend=92 News=80 Broker=90 | TradeExactAsEngine",PENDING_ONLY
2026-07-30T09:11:07.404Z,27,"Strong Trend",88.26,STRONG,NORMAL,0.5,0.5,2665.4,2675.5,2660,12.5,3,0.0210,"TradeExactAsEngine","ExecConf=88 Band=STRONG Spread=85 Vol=55 Trend=92 News=80 Broker=90 | TradeExactAsEngine",PENDING_ONLY
2026-07-30T09:11:07.404Z,28,"Strong Trend",88.26,STRONG,NORMAL,0.5,0.5,2663.5,2676,2660.5,12.5,4,0.0165,"TradeExactAsEngine","ExecConf=88 Band=STRONG Spread=85 Vol=55 Trend=92 News=80 Broker=90 | TradeExactAsEngine",PENDING_ONLY
2026-07-30T09:11:07.404Z,29,"Strong Trend",88.26,STRONG,NORMAL,0.5,0.5,2665.2,2676.5,2661,12.5,5,0.0167,"TradeExactAsEngine","ExecConf=88 Band=STRONG Spread=85 Vol=55 Trend=92 News=80 Broker=90 | TradeExactAsEngine",PENDING_ONLY
2026-07-30T09:11:07.404Z,30,"Strong Trend",88.26,STRONG,NORMAL,0.5,0.5,2666.9,2677,2661.5,12.5,6,0.0122,"TradeExactAsEngine","ExecConf=88 Band=STRONG Spread=85 Vol=55 Trend=92 News=80 Broker=90 | TradeExactAsEngine",PENDING_ONLY
2026-07-30T09:11:07.404Z,31,"Strong Trend",88.26,STRONG,NORMAL,0.5,0.5,2665,2677.5,2662,12.5,1,0.0133,"TradeExactAsEngine","ExecConf=88 Band=STRONG Spread=85 Vol=55 Trend=92 News=80 Broker=90 | TradeExactAsEngine",PENDING_ONLY
2026-07-30T09:11:07.404Z,32,"Strong Trend",88.26,STRONG,NORMAL,0.5,0.5,2666.7,2678,2662.5,12.5,2,0.0125,"TradeExactAsEngine","ExecConf=88 Band=STRONG Spread=85 Vol=55 Trend=92 News=80 Broker=90 | TradeExactAsEngine",PENDING_ONLY
2026-07-30T09:11:07.404Z,33,"Strong Trend",88.26,STRONG,NORMAL,0.5,0.5,2668.4,2678.5,2663,12.5,3,0.0118,"TradeExactAsEngine","ExecConf=88 Band=STRONG Spread=85 Vol=55 Trend=92 News=80 Broker=90 | TradeExactAsEngine",PENDING_ONLY
2026-07-30T09:11:07.405Z,34,"Strong Trend",88.26,STRONG,NORMAL,0.5,0.5,2666.5,2679,2663.5,12.5,4,0.0125,"TradeExactAsEngine","ExecConf=88 Band=STRONG Spread=85 Vol=55 Trend=92 News=80 Broker=90 | TradeExactAsEngine",PENDING_ONLY
2026-07-30T09:11:07.405Z,35,"Strong Trend",88.26,STRONG,NORMAL,0.5,0.5,2668.2,2679.5,2664,12.5,5,0.0130,"TradeExactAsEngine","ExecConf=88 Band=STRONG Spread=85 Vol=55 Trend=92 News=80 Broker=90 | TradeExactAsEngine",PENDING_ONLY
2026-07-30T09:11:07.405Z,36,"Strong Trend",88.26,STRONG,NORMAL,0.5,0.5,2669.9,2680,2664.5,12.5,6,0.0122,"TradeExactAsEngine","ExecConf=88 Band=STRONG Spread=85 Vol=55 Trend=92 News=80 Broker=90 | TradeExactAsEngine",PENDING_ONLY
2026-07-30T09:11:07.405Z,37,"Strong Trend",88.26,STRONG,NORMAL,0.5,0.5,2668,2680.5,2665,12.5,1,0.0130,"TradeExactAsEngine","ExecConf=88 Band=STRONG Spread=85 Vol=55 Trend=92 News=80 Broker=90 | TradeExactAsEngine",PENDING_ONLY
2026-07-30T09:11:07.405Z,38,"Strong Trend",88.26,STRONG,NORMAL,0.5,0.5,2669.7,2681,2665.5,12.5,2,0.0116,"TradeExactAsEngine","ExecConf=88 Band=STRONG Spread=85 Vol=55 Trend=92 News=80 Broker=90 | TradeExactAsEngine",PENDING_ONLY
2026-07-30T09:11:07.405Z,39,"Strong Trend",88.26,STRONG,NORMAL,0.5,0.5,2671.4,2681.5,2666,12.5,3,0.0121,"TradeExactAsEngine","ExecConf=88 Band=STRONG Spread=85 Vol=55 Trend=92 News=80 Broker=90 | TradeExactAsEngine",PENDING_ONLY
2026-07-30T09:11:07.405Z,40,"Strong Trend",88.26,STRONG,NORMAL,0.5,0.5,2669.5,2682,2666.5,12.5,4,0.0124,"TradeExactAsEngine","ExecConf=88 Band=STRONG Spread=85 Vol=55 Trend=92 News=80 Broker=90 | TradeExactAsEngine",PENDING_ONLY
2026-07-30T09:11:07.405Z,41,"Strong Trend",88.26,STRONG,NORMAL,0.5,0.5,2671.2,2682.5,2667,12.5,5,0.0121,"TradeExactAsEngine","ExecConf=88 Band=STRONG Spread=85 Vol=55 Trend=92 News=80 Broker=90 | TradeExactAsEngine",PENDING_ONLY
2026-07-30T09:11:07.405Z,42,"Strong Trend",88.26,STRONG,NORMAL,0.5,0.5,2672.9,2683,2667.5,12.5,6,0.0122,"TradeExactAsEngine","ExecConf=88 Band=STRONG Spread=85 Vol=55 Trend=92 News=80 Broker=90 | TradeExactAsEngine",PENDING_ONLY
2026-07-30T09:11:07.405Z,43,"Strong Trend",88.26,STRONG,NORMAL,0.5,0.5,2671,2683.5,2668,12.5,1,0.0122,"TradeExactAsEngine","ExecConf=88 Band=STRONG Spread=85 Vol=55 Trend=92 News=80 Broker=90 | TradeExactAsEngine",PENDING_ONLY
2026-07-30T09:11:07.405Z,44,"Strong Trend",88.26,STRONG,NORMAL,0.5,0.5,2672.7,2684,2668.5,12.5,2,0.0119,"TradeExactAsEngine","ExecConf=88 Band=STRONG Spread=85 Vol=55 Trend=92 News=80 Broker=90 | TradeExactAsEngine",PENDING_ONLY
2026-07-30T09:11:07.405Z,45,"Strong Trend",88.26,STRONG,NORMAL,0.5,0.5,2674.4,2684.5,2669,12.5,3,0.0126,"TradeExactAsEngine","ExecConf=88 Band=STRONG Spread=85 Vol=55 Trend=92 News=80 Broker=90 | TradeExactAsEngine",PENDING_ONLY
2026-07-30T09:11:07.405Z,46,"Strong Trend",88.26,STRONG,NORMAL,0.5,0.5,2672.5,2685,2669.5,12.5,4,0.0128,"TradeExactAsEngine","ExecConf=88 Band=STRONG Spread=85 Vol=55 Trend=92 News=80 Broker=90 | TradeExactAsEngine",PENDING_ONLY
2026-07-30T09:11:07.405Z,47,"Strong Trend",88.26,STRONG,NORMAL,0.5,0.5,2674.2,2685.5,2670,12.5,5,0.0135,"TradeExactAsEngine","ExecConf=88 Band=STRONG Spread=85 Vol=55 Trend=92 News=80 Broker=90 | TradeExactAsEngine",PENDING_ONLY
2026-07-30T09:11:07.405Z,48,"Strong Trend",88.26,STRONG,NORMAL,0.5,0.5,2675.9,2686,2670.5,12.5,6,0.0124,"TradeExactAsEngine","ExecConf=88 Band=STRONG Spread=85 Vol=55 Trend=92 News=80 Broker=90 | TradeExactAsEngine",PENDING_ONLY
2026-07-30T09:11:07.405Z,49,"Strong Trend",88.26,STRONG,NORMAL,0.5,0.5,2674,2686.5,2671,12.5,1,0.0118,"TradeExactAsEngine","ExecConf=88 Band=STRONG Spread=85 Vol=55 Trend=92 News=80 Broker=90 | TradeExactAsEngine",PENDING_ONLY
2026-07-30T09:11:07.406Z,50,"Strong Trend",88.26,STRONG,NORMAL,0.5,0.5,2675.7,2687,2671.5,12.5,2,0.0121,"TradeExactAsEngine","ExecConf=88 Band=STRONG Spread=85 Vol=55 Trend=92 News=80 Broker=90 | TradeExactAsEngine",PENDING_ONLY
2026-07-30T09:11:07.406Z,1,"Weak Trend",59.04,HIGH_RISK,FREEZE,0.5,0.5,2650,2662.5,2647,8,1,0.0256,"MaxFreeze=30min","ExecConf=59 Band=HIGH_RISK Spread=75 Vol=40 Trend=45 News=75 Broker=85 | MaxFreeze=30min",PENDING_ONLY
2026-07-30T09:11:07.406Z,2,"Weak Trend",59.04,HIGH_RISK,FREEZE,0.5,0.5,2651.7,2663,2647.5,8,2,0.0136,"MaxFreeze=30min","ExecConf=59 Band=HIGH_RISK Spread=75 Vol=40 Trend=45 News=75 Broker=85 | MaxFreeze=30min",PENDING_ONLY
2026-07-30T09:11:07.406Z,3,"Weak Trend",59.04,HIGH_RISK,FREEZE,0.5,0.5,2653.4,2663.5,2648,8,3,0.0142,"MaxFreeze=30min","ExecConf=59 Band=HIGH_RISK Spread=75 Vol=40 Trend=45 News=75 Broker=85 | MaxFreeze=30min",PENDING_ONLY
2026-07-30T09:11:07.406Z,4,"Weak Trend",59.04,HIGH_RISK,FREEZE,0.5,0.5,2651.5,2664,2648.5,8,4,0.0124,"MaxFreeze=30min","ExecConf=59 Band=HIGH_RISK Spread=75 Vol=40 Trend=45 News=75 Broker=85 | MaxFreeze=30min",PENDING_ONLY
2026-07-30T09:11:07.406Z,5,"Weak Trend",59.04,HIGH_RISK,FREEZE,0.5,0.5,2653.2,2664.5,2649,8,5,0.0127,"MaxFreeze=30min","ExecConf=59 Band=HIGH_RISK Spread=75 Vol=40 Trend=45 News=75 Broker=85 | MaxFreeze=30min",PENDING_ONLY
2026-07-30T09:11:07.406Z,6,"Weak Trend",59.04,HIGH_RISK,FREEZE,0.5,0.5,2654.9,2665,2649.5,8,6,0.0127,"MaxFreeze=30min","ExecConf=59 Band=HIGH_RISK Spread=75 Vol=40 Trend=45 News=75 Broker=85 | MaxFreeze=30min",PENDING_ONLY
2026-07-30T09:11:07.406Z,7,"Weak Trend",59.04,HIGH_RISK,FREEZE,0.5,0.5,2653,2665.5,2650,8,1,0.0132,"MaxFreeze=30min","ExecConf=59 Band=HIGH_RISK Spread=75 Vol=40 Trend=45 News=75 Broker=85 | MaxFreeze=30min",PENDING_ONLY
2026-07-30T09:11:07.406Z,8,"Weak Trend",59.04,HIGH_RISK,FREEZE,0.5,0.5,2654.7,2666,2650.5,8,2,0.0124,"MaxFreeze=30min","ExecConf=59 Band=HIGH_RISK Spread=75 Vol=40 Trend=45 News=75 Broker=85 | MaxFreeze=30min",PENDING_ONLY
2026-07-30T09:11:07.406Z,9,"Weak Trend",59.04,HIGH_RISK,FREEZE,0.5,0.5,2656.4,2666.5,2651,8,3,0.0129,"MaxFreeze=30min","ExecConf=59 Band=HIGH_RISK Spread=75 Vol=40 Trend=45 News=75 Broker=85 | MaxFreeze=30min",PENDING_ONLY
2026-07-30T09:11:07.406Z,10,"Weak Trend",59.04,HIGH_RISK,FREEZE,0.5,0.5,2654.5,2667,2651.5,8,4,0.0141,"MaxFreeze=30min","ExecConf=59 Band=HIGH_RISK Spread=75 Vol=40 Trend=45 News=75 Broker=85 | MaxFreeze=30min",PENDING_ONLY
2026-07-30T09:11:07.406Z,11,"Weak Trend",59.04,HIGH_RISK,FREEZE,0.5,0.5,2656.2,2667.5,2652,8,5,0.0149,"MaxFreeze=30min","ExecConf=59 Band=HIGH_RISK Spread=75 Vol=40 Trend=45 News=75 Broker=85 | MaxFreeze=30min",PENDING_ONLY
2026-07-30T09:11:07.407Z,12,"Weak Trend",59.04,HIGH_RISK,FREEZE,0.5,0.5,2657.9,2668,2652.5,8,6,0.0142,"MaxFreeze=30min","ExecConf=59 Band=HIGH_RISK Spread=75 Vol=40 Trend=45 News=75 Broker=85 | MaxFreeze=30min",PENDING_ONLY
2026-07-30T09:11:07.407Z,13,"Weak Trend",59.04,HIGH_RISK,FREEZE,0.5,0.5,2656,2668.5,2653,8,1,0.0131,"MaxFreeze=30min","ExecConf=59 Band=HIGH_RISK Spread=75 Vol=40 Trend=45 News=75 Broker=85 | MaxFreeze=30min",PENDING_ONLY
2026-07-30T09:11:07.413Z,14,"Weak Trend",59.04,HIGH_RISK,FREEZE,0.5,0.5,2657.7,2669,2653.5,8,2,0.0453,"MaxFreeze=30min","ExecConf=59 Band=HIGH_RISK Spread=75 Vol=40 Trend=45 News=75 Broker=85 | MaxFreeze=30min",PENDING_ONLY
2026-07-30T09:11:07.414Z,15,"Weak Trend",59.04,HIGH_RISK,FREEZE,0.5,0.5,2659.4,2669.5,2654,8,3,0.0377,"MaxFreeze=30min","ExecConf=59 Band=HIGH_RISK Spread=75 Vol=40 Trend=45 News=75 Broker=85 | MaxFreeze=30min",PENDING_ONLY
2026-07-30T09:11:07.414Z,16,"Weak Trend",59.04,HIGH_RISK,FREEZE,0.5,0.5,2657.5,2670,2654.5,8,4,0.0316,"MaxFreeze=30min","ExecConf=59 Band=HIGH_RISK Spread=75 Vol=40 Trend=45 News=75 Broker=85 | MaxFreeze=30min",PENDING_ONLY
2026-07-30T09:11:07.414Z,17,"Weak Trend",59.04,HIGH_RISK,FREEZE,0.5,0.5,2659.2,2670.5,2655,8,5,0.0298,"MaxFreeze=30min","ExecConf=59 Band=HIGH_RISK Spread=75 Vol=40 Trend=45 News=75 Broker=85 | MaxFreeze=30min",PENDING_ONLY
2026-07-30T09:11:07.414Z,18,"Weak Trend",59.04,HIGH_RISK,FREEZE,0.5,0.5,2660.9,2671,2655.5,8,6,0.0195,"MaxFreeze=30min","ExecConf=59 Band=HIGH_RISK Spread=75 Vol=40 Trend=45 News=75 Broker=85 | MaxFreeze=30min",PENDING_ONLY
2026-07-30T09:11:07.414Z,19,"Weak Trend",59.04,HIGH_RISK,FREEZE,0.5,0.5,2659,2671.5,2656,8,1,0.0128,"MaxFreeze=30min","ExecConf=59 Band=HIGH_RISK Spread=75 Vol=40 Trend=45 News=75 Broker=85 | MaxFreeze=30min",PENDING_ONLY
2026-07-30T09:11:07.414Z,20,"Weak Trend",59.04,HIGH_RISK,FREEZE,0.5,0.5,2660.7,2672,2656.5,8,2,0.0179,"MaxFreeze=30min","ExecConf=59 Band=HIGH_RISK Spread=75 Vol=40 Trend=45 News=75 Broker=85 | MaxFreeze=30min",PENDING_ONLY
2026-07-30T09:11:07.414Z,21,"Weak Trend",59.04,HIGH_RISK,FREEZE,0.5,0.5,2662.4,2672.5,2657,8,3,0.0293,"MaxFreeze=30min","ExecConf=59 Band=HIGH_RISK Spread=75 Vol=40 Trend=45 News=75 Broker=85 | MaxFreeze=30min",PENDING_ONLY
2026-07-30T09:11:07.414Z,22,"Weak Trend",59.04,HIGH_RISK,FREEZE,0.5,0.5,2660.5,2673,2657.5,8,4,0.0140,"MaxFreeze=30min","ExecConf=59 Band=HIGH_RISK Spread=75 Vol=40 Trend=45 News=75 Broker=85 | MaxFreeze=30min",PENDING_ONLY
2026-07-30T09:11:07.414Z,23,"Weak Trend",59.04,HIGH_RISK,FREEZE,0.5,0.5,2662.2,2673.5,2658,8,5,0.0390,"MaxFreeze=30min","ExecConf=59 Band=HIGH_RISK Spread=75 Vol=40 Trend=45 News=75 Broker=85 | MaxFreeze=30min",PENDING_ONLY
2026-07-30T09:11:07.414Z,24,"Weak Trend",59.04,HIGH_RISK,FREEZE,0.5,0.5,2663.9,2674,2658.5,8,6,0.0128,"MaxFreeze=30min","ExecConf=59 Band=HIGH_RISK Spread=75 Vol=40 Trend=45 News=75 Broker=85 | MaxFreeze=30min",PENDING_ONLY
2026-07-30T09:11:07.415Z,25,"Weak Trend",59.04,HIGH_RISK,FREEZE,0.5,0.5,2662,2674.5,2659,8,1,0.0121,"MaxFreeze=30min","ExecConf=59 Band=HIGH_RISK Spread=75 Vol=40 Trend=45 News=75 Broker=85 | MaxFreeze=30min",PENDING_ONLY
2026-07-30T09:11:07.415Z,26,"Weak Trend",59.04,HIGH_RISK,FREEZE,0.5,0.5,2663.7,2675,2659.5,8,2,0.0140,"MaxFreeze=30min","ExecConf=59 Band=HIGH_RISK Spread=75 Vol=40 Trend=45 News=75 Broker=85 | MaxFreeze=30min",PENDING_ONLY
2026-07-30T09:11:07.415Z,27,"Weak Trend",59.04,HIGH_RISK,FREEZE,0.5,0.5,2665.4,2675.5,2660,8,3,0.0128,"MaxFreeze=30min","ExecConf=59 Band=HIGH_RISK Spread=75 Vol=40 Trend=45 News=75 Broker=85 | MaxFreeze=30min",PENDING_ONLY
2026-07-30T09:11:07.415Z,28,"Weak Trend",59.04,HIGH_RISK,FREEZE,0.5,0.5,2663.5,2676,2660.5,8,4,0.0129,"MaxFreeze=30min","ExecConf=59 Band=HIGH_RISK Spread=75 Vol=40 Trend=45 News=75 Broker=85 | MaxFreeze=30min",PENDING_ONLY
2026-07-30T09:11:07.415Z,29,"Weak Trend",59.04,HIGH_RISK,FREEZE,0.5,0.5,2665.2,2676.5,2661,8,5,0.0132,"MaxFreeze=30min","ExecConf=59 Band=HIGH_RISK Spread=75 Vol=40 Trend=45 News=75 Broker=85 | MaxFreeze=30min",PENDING_ONLY
2026-07-30T09:11:07.415Z,30,"Weak Trend",59.04,HIGH_RISK,FREEZE,0.5,0.5,2666.9,2677,2661.5,8,6,0.0128,"MaxFreeze=30min","ExecConf=59 Band=HIGH_RISK Spread=75 Vol=40 Trend=45 News=75 Broker=85 | MaxFreeze=30min",PENDING_ONLY
2026-07-30T09:11:07.415Z,31,"Weak Trend",59.04,HIGH_RISK,FREEZE,0.5,0.5,2665,2677.5,2662,8,1,0.0116,"MaxFreeze=30min","ExecConf=59 Band=HIGH_RISK Spread=75 Vol=40 Trend=45 News=75 Broker=85 | MaxFreeze=30min",PENDING_ONLY
2026-07-30T09:11:07.415Z,32,"Weak Trend",59.04,HIGH_RISK,FREEZE,0.5,0.5,2666.7,2678,2662.5,8,2,0.0125,"MaxFreeze=30min","ExecConf=59 Band=HIGH_RISK Spread=75 Vol=40 Trend=45 News=75 Broker=85 | MaxFreeze=30min",PENDING_ONLY
2026-07-30T09:11:07.415Z,33,"Weak Trend",59.04,HIGH_RISK,FREEZE,0.5,0.5,2668.4,2678.5,2663,8,3,0.0126,"MaxFreeze=30min","ExecConf=59 Band=HIGH_RISK Spread=75 Vol=40 Trend=45 News=75 Broker=85 | MaxFreeze=30min",PENDING_ONLY
2026-07-30T09:11:07.415Z,34,"Weak Trend",59.04,HIGH_RISK,FREEZE,0.5,0.5,2666.5,2679,2663.5,8,4,0.0143,"MaxFreeze=30min","ExecConf=59 Band=HIGH_RISK Spread=75 Vol=40 Trend=45 News=75 Broker=85 | MaxFreeze=30min",PENDING_ONLY
2026-07-30T09:11:07.415Z,35,"Weak Trend",59.04,HIGH_RISK,FREEZE,0.5,0.5,2668.2,2679.5,2664,8,5,0.0113,"MaxFreeze=30min","ExecConf=59 Band=HIGH_RISK Spread=75 Vol=40 Trend=45 News=75 Broker=85 | MaxFreeze=30min",PENDING_ONLY
2026-07-30T09:11:07.415Z,36,"Weak Trend",59.04,HIGH_RISK,FREEZE,0.5,0.5,2669.9,2680,2664.5,8,6,0.0253,"MaxFreeze=30min","ExecConf=59 Band=HIGH_RISK Spread=75 Vol=40 Trend=45 News=75 Broker=85 | MaxFreeze=30min",PENDING_ONLY
2026-07-30T09:11:07.415Z,37,"Weak Trend",59.04,HIGH_RISK,FREEZE,0.5,0.5,2668,2680.5,2665,8,1,0.0147,"MaxFreeze=30min","ExecConf=59 Band=HIGH_RISK Spread=75 Vol=40 Trend=45 News=75 Broker=85 | MaxFreeze=30min",PENDING_ONLY
2026-07-30T09:11:07.416Z,38,"Weak Trend",59.04,HIGH_RISK,FREEZE,0.5,0.5,2669.7,2681,2665.5,8,2,0.3702,"MaxFreeze=30min","ExecConf=59 Band=HIGH_RISK Spread=75 Vol=40 Trend=45 News=75 Broker=85 | MaxFreeze=30min",PENDING_ONLY
2026-07-30T09:11:07.417Z,39,"Weak Trend",59.04,HIGH_RISK,FREEZE,0.5,0.5,2671.4,2681.5,2666,8,3,0.0219,"MaxFreeze=30min","ExecConf=59 Band=HIGH_RISK Spread=75 Vol=40 Trend=45 News=75 Broker=85 | MaxFreeze=30min",PENDING_ONLY
2026-07-30T09:11:07.417Z,40,"Weak Trend",59.04,HIGH_RISK,FREEZE,0.5,0.5,2669.5,2682,2666.5,8,4,0.0148,"MaxFreeze=30min","ExecConf=59 Band=HIGH_RISK Spread=75 Vol=40 Trend=45 News=75 Broker=85 | MaxFreeze=30min",PENDING_ONLY
2026-07-30T09:11:07.417Z,41,"Weak Trend",59.04,HIGH_RISK,FREEZE,0.5,0.5,2671.2,2682.5,2667,8,5,0.0277,"MaxFreeze=30min","ExecConf=59 Band=HIGH_RISK Spread=75 Vol=40 Trend=45 News=75 Broker=85 | MaxFreeze=30min",PENDING_ONLY
2026-07-30T09:11:07.417Z,42,"Weak Trend",59.04,HIGH_RISK,FREEZE,0.5,0.5,2672.9,2683,2667.5,8,6,0.0135,"MaxFreeze=30min","ExecConf=59 Band=HIGH_RISK Spread=75 Vol=40 Trend=45 News=75 Broker=85 | MaxFreeze=30min",PENDING_ONLY
2026-07-30T09:11:07.418Z,43,"Weak Trend",59.04,HIGH_RISK,FREEZE,0.5,0.5,2671,2683.5,2668,8,1,0.0249,"MaxFreeze=30min","ExecConf=59 Band=HIGH_RISK Spread=75 Vol=40 Trend=45 News=75 Broker=85 | MaxFreeze=30min",PENDING_ONLY
2026-07-30T09:11:07.418Z,44,"Weak Trend",59.04,HIGH_RISK,FREEZE,0.5,0.5,2672.7,2684,2668.5,8,2,0.0142,"MaxFreeze=30min","ExecConf=59 Band=HIGH_RISK Spread=75 Vol=40 Trend=45 News=75 Broker=85 | MaxFreeze=30min",PENDING_ONLY
2026-07-30T09:11:07.418Z,45,"Weak Trend",59.04,HIGH_RISK,FREEZE,0.5,0.5,2674.4,2684.5,2669,8,3,0.0126,"MaxFreeze=30min","ExecConf=59 Band=HIGH_RISK Spread=75 Vol=40 Trend=45 News=75 Broker=85 | MaxFreeze=30min",PENDING_ONLY
2026-07-30T09:11:07.418Z,46,"Weak Trend",59.04,HIGH_RISK,FREEZE,0.5,0.5,2672.5,2685,2669.5,8,4,0.0343,"MaxFreeze=30min","ExecConf=59 Band=HIGH_RISK Spread=75 Vol=40 Trend=45 News=75 Broker=85 | MaxFreeze=30min",PENDING_ONLY
2026-07-30T09:11:07.418Z,47,"Weak Trend",59.04,HIGH_RISK,FREEZE,0.5,0.5,2674.2,2685.5,2670,8,5,0.0146,"MaxFreeze=30min","ExecConf=59 Band=HIGH_RISK Spread=75 Vol=40 Trend=45 News=75 Broker=85 | MaxFreeze=30min",PENDING_ONLY
2026-07-30T09:11:07.418Z,48,"Weak Trend",59.04,HIGH_RISK,FREEZE,0.5,0.5,2675.9,2686,2670.5,8,6,0.2151,"MaxFreeze=30min","ExecConf=59 Band=HIGH_RISK Spread=75 Vol=40 Trend=45 News=75 Broker=85 | MaxFreeze=30min",PENDING_ONLY
2026-07-30T09:11:07.418Z,49,"Weak Trend",59.04,HIGH_RISK,FREEZE,0.5,0.5,2674,2686.5,2671,8,1,0.0152,"MaxFreeze=30min","ExecConf=59 Band=HIGH_RISK Spread=75 Vol=40 Trend=45 News=75 Broker=85 | MaxFreeze=30min",PENDING_ONLY
2026-07-30T09:11:07.419Z,50,"Weak Trend",59.04,HIGH_RISK,FREEZE,0.5,0.5,2675.7,2687,2671.5,8,2,0.0133,"MaxFreeze=30min","ExecConf=59 Band=HIGH_RISK Spread=75 Vol=40 Trend=45 News=75 Broker=85 | MaxFreeze=30min",PENDING_ONLY
2026-07-30T09:11:07.419Z,1,"Sideways",51.79,HIGH_RISK,FREEZE,0.5,0.5,2650,2662.5,2647,6.5,1,0.0134,"MaxFreeze=30min","ExecConf=52 Band=HIGH_RISK Spread=70 Vol=35 Trend=35 News=75 Broker=85 | MaxFreeze=30min",PENDING_ONLY
2026-07-30T09:11:07.419Z,2,"Sideways",51.79,HIGH_RISK,FREEZE,0.5,0.5,2651.7,2663,2647.5,6.5,2,0.0128,"MaxFreeze=30min","ExecConf=52 Band=HIGH_RISK Spread=70 Vol=35 Trend=35 News=75 Broker=85 | MaxFreeze=30min",PENDING_ONLY
2026-07-30T09:11:07.419Z,3,"Sideways",51.79,HIGH_RISK,FREEZE,0.5,0.5,2653.4,2663.5,2648,6.5,3,0.0115,"MaxFreeze=30min","ExecConf=52 Band=HIGH_RISK Spread=70 Vol=35 Trend=35 News=75 Broker=85 | MaxFreeze=30min",PENDING_ONLY
2026-07-30T09:11:07.419Z,4,"Sideways",51.79,HIGH_RISK,FREEZE,0.5,0.5,2651.5,2664,2648.5,6.5,4,0.0116,"MaxFreeze=30min","ExecConf=52 Band=HIGH_RISK Spread=70 Vol=35 Trend=35 News=75 Broker=85 | MaxFreeze=30min",PENDING_ONLY
2026-07-30T09:11:07.419Z,5,"Sideways",51.79,HIGH_RISK,FREEZE,0.5,0.5,2653.2,2664.5,2649,6.5,5,0.0122,"MaxFreeze=30min","ExecConf=52 Band=HIGH_RISK Spread=70 Vol=35 Trend=35 News=75 Broker=85 | MaxFreeze=30min",PENDING_ONLY
2026-07-30T09:11:07.419Z,6,"Sideways",51.79,HIGH_RISK,FREEZE,0.5,0.5,2654.9,2665,2649.5,6.5,6,0.0116,"MaxFreeze=30min","ExecConf=52 Band=HIGH_RISK Spread=70 Vol=35 Trend=35 News=75 Broker=85 | MaxFreeze=30min",PENDING_ONLY
2026-07-30T09:11:07.419Z,7,"Sideways",51.79,HIGH_RISK,FREEZE,0.5,0.5,2653,2665.5,2650,6.5,1,0.0469,"MaxFreeze=30min","ExecConf=52 Band=HIGH_RISK Spread=70 Vol=35 Trend=35 News=75 Broker=85 | MaxFreeze=30min",PENDING_ONLY
2026-07-30T09:11:07.419Z,8,"Sideways",51.79,HIGH_RISK,FREEZE,0.5,0.5,2654.7,2666,2650.5,6.5,2,0.0128,"MaxFreeze=30min","ExecConf=52 Band=HIGH_RISK Spread=70 Vol=35 Trend=35 News=75 Broker=85 | MaxFreeze=30min",PENDING_ONLY
2026-07-30T09:11:07.419Z,9,"Sideways",51.79,HIGH_RISK,FREEZE,0.5,0.5,2656.4,2666.5,2651,6.5,3,0.0115,"MaxFreeze=30min","ExecConf=52 Band=HIGH_RISK Spread=70 Vol=35 Trend=35 News=75 Broker=85 | MaxFreeze=30min",PENDING_ONLY
2026-07-30T09:11:07.419Z,10,"Sideways",51.79,HIGH_RISK,FREEZE,0.5,0.5,2654.5,2667,2651.5,6.5,4,0.0114,"MaxFreeze=30min","ExecConf=52 Band=HIGH_RISK Spread=70 Vol=35 Trend=35 News=75 Broker=85 | MaxFreeze=30min",PENDING_ONLY
2026-07-30T09:11:07.419Z,11,"Sideways",51.79,HIGH_RISK,FREEZE,0.5,0.5,2656.2,2667.5,2652,6.5,5,0.0126,"MaxFreeze=30min","ExecConf=52 Band=HIGH_RISK Spread=70 Vol=35 Trend=35 News=75 Broker=85 | MaxFreeze=30min",PENDING_ONLY
2026-07-30T09:11:07.419Z,12,"Sideways",51.79,HIGH_RISK,FREEZE,0.5,0.5,2657.9,2668,2652.5,6.5,6,0.0115,"MaxFreeze=30min","ExecConf=52 Band=HIGH_RISK Spread=70 Vol=35 Trend=35 News=75 Broker=85 | MaxFreeze=30min",PENDING_ONLY
2026-07-30T09:11:07.419Z,13,"Sideways",51.79,HIGH_RISK,FREEZE,0.5,0.5,2656,2668.5,2653,6.5,1,0.0124,"MaxFreeze=30min","ExecConf=52 Band=HIGH_RISK Spread=70 Vol=35 Trend=35 News=75 Broker=85 | MaxFreeze=30min",PENDING_ONLY
2026-07-30T09:11:07.419Z,14,"Sideways",51.79,HIGH_RISK,FREEZE,0.5,0.5,2657.7,2669,2653.5,6.5,2,0.0120,"MaxFreeze=30min","ExecConf=52 Band=HIGH_RISK Spread=70 Vol=35 Trend=35 News=75 Broker=85 | MaxFreeze=30min",PENDING_ONLY
2026-07-30T09:11:07.419Z,15,"Sideways",51.79,HIGH_RISK,FREEZE,0.5,0.5,2659.4,2669.5,2654,6.5,3,0.0123,"MaxFreeze=30min","ExecConf=52 Band=HIGH_RISK Spread=70 Vol=35 Trend=35 News=75 Broker=85 | MaxFreeze=30min",PENDING_ONLY
2026-07-30T09:11:07.419Z,16,"Sideways",51.79,HIGH_RISK,FREEZE,0.5,0.5,2657.5,2670,2654.5,6.5,4,0.0112,"MaxFreeze=30min","ExecConf=52 Band=HIGH_RISK Spread=70 Vol=35 Trend=35 News=75 Broker=85 | MaxFreeze=30min",PENDING_ONLY
2026-07-30T09:11:07.420Z,17,"Sideways",51.79,HIGH_RISK,FREEZE,0.5,0.5,2659.2,2670.5,2655,6.5,5,0.0121,"MaxFreeze=30min","ExecConf=52 Band=HIGH_RISK Spread=70 Vol=35 Trend=35 News=75 Broker=85 | MaxFreeze=30min",PENDING_ONLY
2026-07-30T09:11:07.420Z,18,"Sideways",51.79,HIGH_RISK,FREEZE,0.5,0.5,2660.9,2671,2655.5,6.5,6,0.0114,"MaxFreeze=30min","ExecConf=52 Band=HIGH_RISK Spread=70 Vol=35 Trend=35 News=75 Broker=85 | MaxFreeze=30min",PENDING_ONLY
2026-07-30T09:11:07.420Z,19,"Sideways",51.79,HIGH_RISK,FREEZE,0.5,0.5,2659,2671.5,2656,6.5,1,0.0136,"MaxFreeze=30min","ExecConf=52 Band=HIGH_RISK Spread=70 Vol=35 Trend=35 News=75 Broker=85 | MaxFreeze=30min",PENDING_ONLY
2026-07-30T09:11:07.420Z,20,"Sideways",51.79,HIGH_RISK,FREEZE,0.5,0.5,2660.7,2672,2656.5,6.5,2,0.0117,"MaxFreeze=30min","ExecConf=52 Band=HIGH_RISK Spread=70 Vol=35 Trend=35 News=75 Broker=85 | MaxFreeze=30min",PENDING_ONLY
2026-07-30T09:11:07.420Z,21,"Sideways",51.79,HIGH_RISK,FREEZE,0.5,0.5,2662.4,2672.5,2657,6.5,3,0.0119,"MaxFreeze=30min","ExecConf=52 Band=HIGH_RISK Spread=70 Vol=35 Trend=35 News=75 Broker=85 | MaxFreeze=30min",PENDING_ONLY
2026-07-30T09:11:07.420Z,22,"Sideways",51.79,HIGH_RISK,FREEZE,0.5,0.5,2660.5,2673,2657.5,6.5,4,0.0121,"MaxFreeze=30min","ExecConf=52 Band=HIGH_RISK Spread=70 Vol=35 Trend=35 News=75 Broker=85 | MaxFreeze=30min",PENDING_ONLY
2026-07-30T09:11:07.420Z,23,"Sideways",51.79,HIGH_RISK,FREEZE,0.5,0.5,2662.2,2673.5,2658,6.5,5,0.0124,"MaxFreeze=30min","ExecConf=52 Band=HIGH_RISK Spread=70 Vol=35 Trend=35 News=75 Broker=85 | MaxFreeze=30min",PENDING_ONLY
2026-07-30T09:11:07.420Z,24,"Sideways",51.79,HIGH_RISK,FREEZE,0.5,0.5,2663.9,2674,2658.5,6.5,6,0.0127,"MaxFreeze=30min","ExecConf=52 Band=HIGH_RISK Spread=70 Vol=35 Trend=35 News=75 Broker=85 | MaxFreeze=30min",PENDING_ONLY
2026-07-30T09:11:07.420Z,25,"Sideways",51.79,HIGH_RISK,FREEZE,0.5,0.5,2662,2674.5,2659,6.5,1,0.0119,"MaxFreeze=30min","ExecConf=52 Band=HIGH_RISK Spread=70 Vol=35 Trend=35 News=75 Broker=85 | MaxFreeze=30min",PENDING_ONLY
2026-07-30T09:11:07.420Z,26,"Sideways",51.79,HIGH_RISK,FREEZE,0.5,0.5,2663.7,2675,2659.5,6.5,2,0.0122,"MaxFreeze=30min","ExecConf=52 Band=HIGH_RISK Spread=70 Vol=35 Trend=35 News=75 Broker=85 | MaxFreeze=30min",PENDING_ONLY
2026-07-30T09:11:07.420Z,27,"Sideways",51.79,HIGH_RISK,FREEZE,0.5,0.5,2665.4,2675.5,2660,6.5,3,0.0120,"MaxFreeze=30min","ExecConf=52 Band=HIGH_RISK Spread=70 Vol=35 Trend=35 News=75 Broker=85 | MaxFreeze=30min",PENDING_ONLY
2026-07-30T09:11:07.420Z,28,"Sideways",51.79,HIGH_RISK,FREEZE,0.5,0.5,2663.5,2676,2660.5,6.5,4,0.0132,"MaxFreeze=30min","ExecConf=52 Band=HIGH_RISK Spread=70 Vol=35 Trend=35 News=75 Broker=85 | MaxFreeze=30min",PENDING_ONLY
2026-07-30T09:11:07.420Z,29,"Sideways",51.79,HIGH_RISK,FREEZE,0.5,0.5,2665.2,2676.5,2661,6.5,5,0.0124,"MaxFreeze=30min","ExecConf=52 Band=HIGH_RISK Spread=70 Vol=35 Trend=35 News=75 Broker=85 | MaxFreeze=30min",PENDING_ONLY
2026-07-30T09:11:07.420Z,30,"Sideways",51.79,HIGH_RISK,FREEZE,0.5,0.5,2666.9,2677,2661.5,6.5,6,0.0121,"MaxFreeze=30min","ExecConf=52 Band=HIGH_RISK Spread=70 Vol=35 Trend=35 News=75 Broker=85 | MaxFreeze=30min",PENDING_ONLY
2026-07-30T09:11:07.420Z,31,"Sideways",51.79,HIGH_RISK,FREEZE,0.5,0.5,2665,2677.5,2662,6.5,1,0.0121,"MaxFreeze=30min","ExecConf=52 Band=HIGH_RISK Spread=70 Vol=35 Trend=35 News=75 Broker=85 | MaxFreeze=30min",PENDING_ONLY
2026-07-30T09:11:07.420Z,32,"Sideways",51.79,HIGH_RISK,FREEZE,0.5,0.5,2666.7,2678,2662.5,6.5,2,0.0194,"MaxFreeze=30min","ExecConf=52 Band=HIGH_RISK Spread=70 Vol=35 Trend=35 News=75 Broker=85 | MaxFreeze=30min",PENDING_ONLY
2026-07-30T09:11:07.420Z,33,"Sideways",51.79,HIGH_RISK,FREEZE,0.5,0.5,2668.4,2678.5,2663,6.5,3,0.0128,"MaxFreeze=30min","ExecConf=52 Band=HIGH_RISK Spread=70 Vol=35 Trend=35 News=75 Broker=85 | MaxFreeze=30min",PENDING_ONLY
2026-07-30T09:11:07.420Z,34,"Sideways",51.79,HIGH_RISK,FREEZE,0.5,0.5,2666.5,2679,2663.5,6.5,4,0.0125,"MaxFreeze=30min","ExecConf=52 Band=HIGH_RISK Spread=70 Vol=35 Trend=35 News=75 Broker=85 | MaxFreeze=30min",PENDING_ONLY
2026-07-30T09:11:07.421Z,35,"Sideways",51.79,HIGH_RISK,FREEZE,0.5,0.5,2668.2,2679.5,2664,6.5,5,0.0175,"MaxFreeze=30min","ExecConf=52 Band=HIGH_RISK Spread=70 Vol=35 Trend=35 News=75 Broker=85 | MaxFreeze=30min",PENDING_ONLY
2026-07-30T09:11:07.421Z,36,"Sideways",51.79,HIGH_RISK,FREEZE,0.5,0.5,2669.9,2680,2664.5,6.5,6,0.0126,"MaxFreeze=30min","ExecConf=52 Band=HIGH_RISK Spread=70 Vol=35 Trend=35 News=75 Broker=85 | MaxFreeze=30min",PENDING_ONLY
2026-07-30T09:11:07.421Z,37,"Sideways",51.79,HIGH_RISK,FREEZE,0.5,0.5,2668,2680.5,2665,6.5,1,0.0155,"MaxFreeze=30min","ExecConf=52 Band=HIGH_RISK Spread=70 Vol=35 Trend=35 News=75 Broker=85 | MaxFreeze=30min",PENDING_ONLY
2026-07-30T09:11:07.421Z,38,"Sideways",51.79,HIGH_RISK,FREEZE,0.5,0.5,2669.7,2681,2665.5,6.5,2,0.0192,"MaxFreeze=30min","ExecConf=52 Band=HIGH_RISK Spread=70 Vol=35 Trend=35 News=75 Broker=85 | MaxFreeze=30min",PENDING_ONLY
2026-07-30T09:11:07.421Z,39,"Sideways",51.79,HIGH_RISK,FREEZE,0.5,0.5,2671.4,2681.5,2666,6.5,3,0.0124,"MaxFreeze=30min","ExecConf=52 Band=HIGH_RISK Spread=70 Vol=35 Trend=35 News=75 Broker=85 | MaxFreeze=30min",PENDING_ONLY
2026-07-30T09:11:07.421Z,40,"Sideways",51.79,HIGH_RISK,FREEZE,0.5,0.5,2669.5,2682,2666.5,6.5,4,0.0345,"MaxFreeze=30min","ExecConf=52 Band=HIGH_RISK Spread=70 Vol=35 Trend=35 News=75 Broker=85 | MaxFreeze=30min",PENDING_ONLY
2026-07-30T09:11:07.421Z,41,"Sideways",51.79,HIGH_RISK,FREEZE,0.5,0.5,2671.2,2682.5,2667,6.5,5,0.0144,"MaxFreeze=30min","ExecConf=52 Band=HIGH_RISK Spread=70 Vol=35 Trend=35 News=75 Broker=85 | MaxFreeze=30min",PENDING_ONLY
2026-07-30T09:11:07.421Z,42,"Sideways",51.79,HIGH_RISK,FREEZE,0.5,0.5,2672.9,2683,2667.5,6.5,6,0.0134,"MaxFreeze=30min","ExecConf=52 Band=HIGH_RISK Spread=70 Vol=35 Trend=35 News=75 Broker=85 | MaxFreeze=30min",PENDING_ONLY
2026-07-30T09:11:07.421Z,43,"Sideways",51.79,HIGH_RISK,FREEZE,0.5,0.5,2671,2683.5,2668,6.5,1,0.0135,"MaxFreeze=30min","ExecConf=52 Band=HIGH_RISK Spread=70 Vol=35 Trend=35 News=75 Broker=85 | MaxFreeze=30min",PENDING_ONLY
2026-07-30T09:11:07.421Z,44,"Sideways",51.79,HIGH_RISK,FREEZE,0.5,0.5,2672.7,2684,2668.5,6.5,2,0.0125,"MaxFreeze=30min","ExecConf=52 Band=HIGH_RISK Spread=70 Vol=35 Trend=35 News=75 Broker=85 | MaxFreeze=30min",PENDING_ONLY
2026-07-30T09:11:07.421Z,45,"Sideways",51.79,HIGH_RISK,FREEZE,0.5,0.5,2674.4,2684.5,2669,6.5,3,0.0128,"MaxFreeze=30min","ExecConf=52 Band=HIGH_RISK Spread=70 Vol=35 Trend=35 News=75 Broker=85 | MaxFreeze=30min",PENDING_ONLY
2026-07-30T09:11:07.421Z,46,"Sideways",51.79,HIGH_RISK,FREEZE,0.5,0.5,2672.5,2685,2669.5,6.5,4,0.0125,"MaxFreeze=30min","ExecConf=52 Band=HIGH_RISK Spread=70 Vol=35 Trend=35 News=75 Broker=85 | MaxFreeze=30min",PENDING_ONLY
2026-07-30T09:11:07.421Z,47,"Sideways",51.79,HIGH_RISK,FREEZE,0.5,0.5,2674.2,2685.5,2670,6.5,5,0.0127,"MaxFreeze=30min","ExecConf=52 Band=HIGH_RISK Spread=70 Vol=35 Trend=35 News=75 Broker=85 | MaxFreeze=30min",PENDING_ONLY
2026-07-30T09:11:07.421Z,48,"Sideways",51.79,HIGH_RISK,FREEZE,0.5,0.5,2675.9,2686,2670.5,6.5,6,0.0130,"MaxFreeze=30min","ExecConf=52 Band=HIGH_RISK Spread=70 Vol=35 Trend=35 News=75 Broker=85 | MaxFreeze=30min",PENDING_ONLY
2026-07-30T09:11:07.421Z,49,"Sideways",51.79,HIGH_RISK,FREEZE,0.5,0.5,2674,2686.5,2671,6.5,1,0.0128,"MaxFreeze=30min","ExecConf=52 Band=HIGH_RISK Spread=70 Vol=35 Trend=35 News=75 Broker=85 | MaxFreeze=30min",PENDING_ONLY
2026-07-30T09:11:07.422Z,50,"Sideways",51.79,HIGH_RISK,FREEZE,0.5,0.5,2675.7,2687,2671.5,6.5,2,0.0134,"MaxFreeze=30min","ExecConf=52 Band=HIGH_RISK Spread=70 Vol=35 Trend=35 News=75 Broker=85 | MaxFreeze=30min",PENDING_ONLY
2026-07-30T09:11:07.422Z,1,"High Volatility",72.05,CAUTION,REDUCE_LOT,0.5,0.25,2650,2662.5,2647,28,1,0.3418,"MaxLotReduction=50%","ExecConf=72 Band=CAUTION Spread=50 Vol=92 Trend=70 News=55 Broker=70 | MaxLotReduction=50%",PENDING_ONLY
2026-07-30T09:11:07.422Z,2,"High Volatility",72.05,CAUTION,REDUCE_LOT,0.5,0.25,2651.7,2663,2647.5,28,2,0.0451,"MaxLotReduction=50%","ExecConf=72 Band=CAUTION Spread=50 Vol=92 Trend=70 News=55 Broker=70 | MaxLotReduction=50%",PENDING_ONLY
2026-07-30T09:11:07.422Z,3,"High Volatility",72.05,CAUTION,REDUCE_LOT,0.5,0.25,2653.4,2663.5,2648,28,3,0.0559,"MaxLotReduction=50%","ExecConf=72 Band=CAUTION Spread=50 Vol=92 Trend=70 News=55 Broker=70 | MaxLotReduction=50%",PENDING_ONLY
2026-07-30T09:11:07.422Z,4,"High Volatility",72.05,CAUTION,REDUCE_LOT,0.5,0.25,2651.5,2664,2648.5,28,4,0.0235,"MaxLotReduction=50%","ExecConf=72 Band=CAUTION Spread=50 Vol=92 Trend=70 News=55 Broker=70 | MaxLotReduction=50%",PENDING_ONLY
2026-07-30T09:11:07.422Z,5,"High Volatility",72.05,CAUTION,REDUCE_LOT,0.5,0.25,2653.2,2664.5,2649,28,5,0.0231,"MaxLotReduction=50%","ExecConf=72 Band=CAUTION Spread=50 Vol=92 Trend=70 News=55 Broker=70 | MaxLotReduction=50%",PENDING_ONLY
2026-07-30T09:11:07.422Z,6,"High Volatility",72.05,CAUTION,REDUCE_LOT,0.5,0.25,2654.9,2665,2649.5,28,6,0.0246,"MaxLotReduction=50%","ExecConf=72 Band=CAUTION Spread=50 Vol=92 Trend=70 News=55 Broker=70 | MaxLotReduction=50%",PENDING_ONLY
2026-07-30T09:11:07.422Z,7,"High Volatility",72.05,CAUTION,REDUCE_LOT,0.5,0.25,2653,2665.5,2650,28,1,0.0232,"MaxLotReduction=50%","ExecConf=72 Band=CAUTION Spread=50 Vol=92 Trend=70 News=55 Broker=70 | MaxLotReduction=50%",PENDING_ONLY
2026-07-30T09:11:07.423Z,8,"High Volatility",72.05,CAUTION,REDUCE_LOT,0.5,0.25,2654.7,2666,2650.5,28,2,0.0230,"MaxLotReduction=50%","ExecConf=72 Band=CAUTION Spread=50 Vol=92 Trend=70 News=55 Broker=70 | MaxLotReduction=50%",PENDING_ONLY
2026-07-30T09:11:07.423Z,9,"High Volatility",72.05,CAUTION,REDUCE_LOT,0.5,0.25,2656.4,2666.5,2651,28,3,0.0326,"MaxLotReduction=50%","ExecConf=72 Band=CAUTION Spread=50 Vol=92 Trend=70 News=55 Broker=70 | MaxLotReduction=50%",PENDING_ONLY
2026-07-30T09:11:07.423Z,10,"High Volatility",72.05,CAUTION,REDUCE_LOT,0.5,0.25,2654.5,2667,2651.5,28,4,0.0391,"MaxLotReduction=50%","ExecConf=72 Band=CAUTION Spread=50 Vol=92 Trend=70 News=55 Broker=70 | MaxLotReduction=50%",PENDING_ONLY
2026-07-30T09:11:07.423Z,11,"High Volatility",72.05,CAUTION,REDUCE_LOT,0.5,0.25,2656.2,2667.5,2652,28,5,0.0191,"MaxLotReduction=50%","ExecConf=72 Band=CAUTION Spread=50 Vol=92 Trend=70 News=55 Broker=70 | MaxLotReduction=50%",PENDING_ONLY
2026-07-30T09:11:07.423Z,12,"High Volatility",72.05,CAUTION,REDUCE_LOT,0.5,0.25,2657.9,2668,2652.5,28,6,0.0182,"MaxLotReduction=50%","ExecConf=72 Band=CAUTION Spread=50 Vol=92 Trend=70 News=55 Broker=70 | MaxLotReduction=50%",PENDING_ONLY
2026-07-30T09:11:07.423Z,13,"High Volatility",72.05,CAUTION,REDUCE_LOT,0.5,0.25,2656,2668.5,2653,28,1,0.0173,"MaxLotReduction=50%","ExecConf=72 Band=CAUTION Spread=50 Vol=92 Trend=70 News=55 Broker=70 | MaxLotReduction=50%",PENDING_ONLY
2026-07-30T09:11:07.423Z,14,"High Volatility",72.05,CAUTION,REDUCE_LOT,0.5,0.25,2657.7,2669,2653.5,28,2,0.0461,"MaxLotReduction=50%","ExecConf=72 Band=CAUTION Spread=50 Vol=92 Trend=70 News=55 Broker=70 | MaxLotReduction=50%",PENDING_ONLY
2026-07-30T09:11:07.423Z,15,"High Volatility",72.05,CAUTION,REDUCE_LOT,0.5,0.25,2659.4,2669.5,2654,28,3,0.0187,"MaxLotReduction=50%","ExecConf=72 Band=CAUTION Spread=50 Vol=92 Trend=70 News=55 Broker=70 | MaxLotReduction=50%",PENDING_ONLY
2026-07-30T09:11:07.423Z,16,"High Volatility",72.05,CAUTION,REDUCE_LOT,0.5,0.25,2657.5,2670,2654.5,28,4,0.0177,"MaxLotReduction=50%","ExecConf=72 Band=CAUTION Spread=50 Vol=92 Trend=70 News=55 Broker=70 | MaxLotReduction=50%",PENDING_ONLY
2026-07-30T09:11:07.423Z,17,"High Volatility",72.05,CAUTION,REDUCE_LOT,0.5,0.25,2659.2,2670.5,2655,28,5,0.0181,"MaxLotReduction=50%","ExecConf=72 Band=CAUTION Spread=50 Vol=92 Trend=70 News=55 Broker=70 | MaxLotReduction=50%",PENDING_ONLY
2026-07-30T09:11:07.423Z,18,"High Volatility",72.05,CAUTION,REDUCE_LOT,0.5,0.25,2660.9,2671,2655.5,28,6,0.0179,"MaxLotReduction=50%","ExecConf=72 Band=CAUTION Spread=50 Vol=92 Trend=70 News=55 Broker=70 | MaxLotReduction=50%",PENDING_ONLY
2026-07-30T09:11:07.423Z,19,"High Volatility",72.05,CAUTION,REDUCE_LOT,0.5,0.25,2659,2671.5,2656,28,1,0.0186,"MaxLotReduction=50%","ExecConf=72 Band=CAUTION Spread=50 Vol=92 Trend=70 News=55 Broker=70 | MaxLotReduction=50%",PENDING_ONLY
2026-07-30T09:11:07.423Z,20,"High Volatility",72.05,CAUTION,REDUCE_LOT,0.5,0.25,2660.7,2672,2656.5,28,2,0.0175,"MaxLotReduction=50%","ExecConf=72 Band=CAUTION Spread=50 Vol=92 Trend=70 News=55 Broker=70 | MaxLotReduction=50%",PENDING_ONLY
2026-07-30T09:11:07.423Z,21,"High Volatility",72.05,CAUTION,REDUCE_LOT,0.5,0.25,2662.4,2672.5,2657,28,3,0.0176,"MaxLotReduction=50%","ExecConf=72 Band=CAUTION Spread=50 Vol=92 Trend=70 News=55 Broker=70 | MaxLotReduction=50%",PENDING_ONLY
2026-07-30T09:11:07.423Z,22,"High Volatility",72.05,CAUTION,REDUCE_LOT,0.5,0.25,2660.5,2673,2657.5,28,4,0.0191,"MaxLotReduction=50%","ExecConf=72 Band=CAUTION Spread=50 Vol=92 Trend=70 News=55 Broker=70 | MaxLotReduction=50%",PENDING_ONLY
2026-07-30T09:11:07.424Z,23,"High Volatility",72.05,CAUTION,REDUCE_LOT,0.5,0.25,2662.2,2673.5,2658,28,5,0.0184,"MaxLotReduction=50%","ExecConf=72 Band=CAUTION Spread=50 Vol=92 Trend=70 News=55 Broker=70 | MaxLotReduction=50%",PENDING_ONLY
2026-07-30T09:11:07.424Z,24,"High Volatility",72.05,CAUTION,REDUCE_LOT,0.5,0.25,2663.9,2674,2658.5,28,6,0.0184,"MaxLotReduction=50%","ExecConf=72 Band=CAUTION Spread=50 Vol=92 Trend=70 News=55 Broker=70 | MaxLotReduction=50%",PENDING_ONLY
2026-07-30T09:11:07.425Z,25,"High Volatility",72.05,CAUTION,REDUCE_LOT,0.5,0.25,2662,2674.5,2659,28,1,0.0503,"MaxLotReduction=50%","ExecConf=72 Band=CAUTION Spread=50 Vol=92 Trend=70 News=55 Broker=70 | MaxLotReduction=50%",PENDING_ONLY
2026-07-30T09:11:07.425Z,26,"High Volatility",72.05,CAUTION,REDUCE_LOT,0.5,0.25,2663.7,2675,2659.5,28,2,0.0209,"MaxLotReduction=50%","ExecConf=72 Band=CAUTION Spread=50 Vol=92 Trend=70 News=55 Broker=70 | MaxLotReduction=50%",PENDING_ONLY
2026-07-30T09:11:07.425Z,27,"High Volatility",72.05,CAUTION,REDUCE_LOT,0.5,0.25,2665.4,2675.5,2660,28,3,0.0187,"MaxLotReduction=50%","ExecConf=72 Band=CAUTION Spread=50 Vol=92 Trend=70 News=55 Broker=70 | MaxLotReduction=50%",PENDING_ONLY
2026-07-30T09:11:07.426Z,28,"High Volatility",72.05,CAUTION,REDUCE_LOT,0.5,0.25,2663.5,2676,2660.5,28,4,0.0187,"MaxLotReduction=50%","ExecConf=72 Band=CAUTION Spread=50 Vol=92 Trend=70 News=55 Broker=70 | MaxLotReduction=50%",PENDING_ONLY
2026-07-30T09:11:07.426Z,29,"High Volatility",72.05,CAUTION,REDUCE_LOT,0.5,0.25,2665.2,2676.5,2661,28,5,0.0175,"MaxLotReduction=50%","ExecConf=72 Band=CAUTION Spread=50 Vol=92 Trend=70 News=55 Broker=70 | MaxLotReduction=50%",PENDING_ONLY
2026-07-30T09:11:07.426Z,30,"High Volatility",72.05,CAUTION,REDUCE_LOT,0.5,0.25,2666.9,2677,2661.5,28,6,0.0179,"MaxLotReduction=50%","ExecConf=72 Band=CAUTION Spread=50 Vol=92 Trend=70 News=55 Broker=70 | MaxLotReduction=50%",PENDING_ONLY
2026-07-30T09:11:07.426Z,31,"High Volatility",72.05,CAUTION,REDUCE_LOT,0.5,0.25,2665,2677.5,2662,28,1,0.0186,"MaxLotReduction=50%","ExecConf=72 Band=CAUTION Spread=50 Vol=92 Trend=70 News=55 Broker=70 | MaxLotReduction=50%",PENDING_ONLY
2026-07-30T09:11:07.426Z,32,"High Volatility",72.05,CAUTION,REDUCE_LOT,0.5,0.25,2666.7,2678,2662.5,28,2,0.0180,"MaxLotReduction=50%","ExecConf=72 Band=CAUTION Spread=50 Vol=92 Trend=70 News=55 Broker=70 | MaxLotReduction=50%",PENDING_ONLY
2026-07-30T09:11:07.426Z,33,"High Volatility",72.05,CAUTION,REDUCE_LOT,0.5,0.25,2668.4,2678.5,2663,28,3,0.0175,"MaxLotReduction=50%","ExecConf=72 Band=CAUTION Spread=50 Vol=92 Trend=70 News=55 Broker=70 | MaxLotReduction=50%",PENDING_ONLY
2026-07-30T09:11:07.426Z,34,"High Volatility",72.05,CAUTION,REDUCE_LOT,0.5,0.25,2666.5,2679,2663.5,28,4,0.0187,"MaxLotReduction=50%","ExecConf=72 Band=CAUTION Spread=50 Vol=92 Trend=70 News=55 Broker=70 | MaxLotReduction=50%",PENDING_ONLY
2026-07-30T09:11:07.426Z,35,"High Volatility",72.05,CAUTION,REDUCE_LOT,0.5,0.25,2668.2,2679.5,2664,28,5,0.0181,"MaxLotReduction=50%","ExecConf=72 Band=CAUTION Spread=50 Vol=92 Trend=70 News=55 Broker=70 | MaxLotReduction=50%",PENDING_ONLY
2026-07-30T09:11:07.426Z,36,"High Volatility",72.05,CAUTION,REDUCE_LOT,0.5,0.25,2669.9,2680,2664.5,28,6,0.0178,"MaxLotReduction=50%","ExecConf=72 Band=CAUTION Spread=50 Vol=92 Trend=70 News=55 Broker=70 | MaxLotReduction=50%",PENDING_ONLY
2026-07-30T09:11:07.426Z,37,"High Volatility",72.05,CAUTION,REDUCE_LOT,0.5,0.25,2668,2680.5,2665,28,1,0.0185,"MaxLotReduction=50%","ExecConf=72 Band=CAUTION Spread=50 Vol=92 Trend=70 News=55 Broker=70 | MaxLotReduction=50%",PENDING_ONLY
2026-07-30T09:11:07.426Z,38,"High Volatility",72.05,CAUTION,REDUCE_LOT,0.5,0.25,2669.7,2681,2665.5,28,2,0.0180,"MaxLotReduction=50%","ExecConf=72 Band=CAUTION Spread=50 Vol=92 Trend=70 News=55 Broker=70 | MaxLotReduction=50%",PENDING_ONLY
2026-07-30T09:11:07.426Z,39,"High Volatility",72.05,CAUTION,REDUCE_LOT,0.5,0.25,2671.4,2681.5,2666,28,3,0.0180,"MaxLotReduction=50%","ExecConf=72 Band=CAUTION Spread=50 Vol=92 Trend=70 News=55 Broker=70 | MaxLotReduction=50%",PENDING_ONLY
2026-07-30T09:11:07.426Z,40,"High Volatility",72.05,CAUTION,REDUCE_LOT,0.5,0.25,2669.5,2682,2666.5,28,4,0.0185,"MaxLotReduction=50%","ExecConf=72 Band=CAUTION Spread=50 Vol=92 Trend=70 News=55 Broker=70 | MaxLotReduction=50%",PENDING_ONLY
2026-07-30T09:11:07.426Z,41,"High Volatility",72.05,CAUTION,REDUCE_LOT,0.5,0.25,2671.2,2682.5,2667,28,5,0.0183,"MaxLotReduction=50%","ExecConf=72 Band=CAUTION Spread=50 Vol=92 Trend=70 News=55 Broker=70 | MaxLotReduction=50%",PENDING_ONLY
2026-07-30T09:11:07.426Z,42,"High Volatility",72.05,CAUTION,REDUCE_LOT,0.5,0.25,2672.9,2683,2667.5,28,6,0.0179,"MaxLotReduction=50%","ExecConf=72 Band=CAUTION Spread=50 Vol=92 Trend=70 News=55 Broker=70 | MaxLotReduction=50%",PENDING_ONLY
2026-07-30T09:11:07.426Z,43,"High Volatility",72.05,CAUTION,REDUCE_LOT,0.5,0.25,2671,2683.5,2668,28,1,0.0180,"MaxLotReduction=50%","ExecConf=72 Band=CAUTION Spread=50 Vol=92 Trend=70 News=55 Broker=70 | MaxLotReduction=50%",PENDING_ONLY
2026-07-30T09:11:07.426Z,44,"High Volatility",72.05,CAUTION,REDUCE_LOT,0.5,0.25,2672.7,2684,2668.5,28,2,0.0178,"MaxLotReduction=50%","ExecConf=72 Band=CAUTION Spread=50 Vol=92 Trend=70 News=55 Broker=70 | MaxLotReduction=50%",PENDING_ONLY
2026-07-30T09:11:07.427Z,45,"High Volatility",72.05,CAUTION,REDUCE_LOT,0.5,0.25,2674.4,2684.5,2669,28,3,0.0182,"MaxLotReduction=50%","ExecConf=72 Band=CAUTION Spread=50 Vol=92 Trend=70 News=55 Broker=70 | MaxLotReduction=50%",PENDING_ONLY
2026-07-30T09:11:07.427Z,46,"High Volatility",72.05,CAUTION,REDUCE_LOT,0.5,0.25,2672.5,2685,2669.5,28,4,0.0190,"MaxLotReduction=50%","ExecConf=72 Band=CAUTION Spread=50 Vol=92 Trend=70 News=55 Broker=70 | MaxLotReduction=50%",PENDING_ONLY
2026-07-30T09:11:07.427Z,47,"High Volatility",72.05,CAUTION,REDUCE_LOT,0.5,0.25,2674.2,2685.5,2670,28,5,0.0185,"MaxLotReduction=50%","ExecConf=72 Band=CAUTION Spread=50 Vol=92 Trend=70 News=55 Broker=70 | MaxLotReduction=50%",PENDING_ONLY
2026-07-30T09:11:07.427Z,48,"High Volatility",72.05,CAUTION,REDUCE_LOT,0.5,0.25,2675.9,2686,2670.5,28,6,0.0178,"MaxLotReduction=50%","ExecConf=72 Band=CAUTION Spread=50 Vol=92 Trend=70 News=55 Broker=70 | MaxLotReduction=50%",PENDING_ONLY
2026-07-30T09:11:07.427Z,49,"High Volatility",72.05,CAUTION,REDUCE_LOT,0.5,0.25,2674,2686.5,2671,28,1,0.0180,"MaxLotReduction=50%","ExecConf=72 Band=CAUTION Spread=50 Vol=92 Trend=70 News=55 Broker=70 | MaxLotReduction=50%",PENDING_ONLY
2026-07-30T09:11:07.427Z,50,"High Volatility",72.05,CAUTION,REDUCE_LOT,0.5,0.25,2675.7,2687,2671.5,28,2,0.0178,"MaxLotReduction=50%","ExecConf=72 Band=CAUTION Spread=50 Vol=92 Trend=70 News=55 Broker=70 | MaxLotReduction=50%",PENDING_ONLY
2026-07-30T09:11:07.427Z,1,"Low Volatility",66.04,CAUTION,REDUCE_LOT,0.5,0.25,2650,2662.5,2647,4.2,1,0.0244,"MaxLotReduction=50%","ExecConf=66 Band=CAUTION Spread=88 Vol=20 Trend=55 News=80 Broker=92 | MaxLotReduction=50%",PENDING_ONLY
2026-07-30T09:11:07.427Z,2,"Low Volatility",66.04,CAUTION,REDUCE_LOT,0.5,0.25,2651.7,2663,2647.5,4.2,2,0.0256,"MaxLotReduction=50%","ExecConf=66 Band=CAUTION Spread=88 Vol=20 Trend=55 News=80 Broker=92 | MaxLotReduction=50%",PENDING_ONLY
2026-07-30T09:11:07.427Z,3,"Low Volatility",66.04,CAUTION,REDUCE_LOT,0.5,0.25,2653.4,2663.5,2648,4.2,3,0.0187,"MaxLotReduction=50%","ExecConf=66 Band=CAUTION Spread=88 Vol=20 Trend=55 News=80 Broker=92 | MaxLotReduction=50%",PENDING_ONLY
2026-07-30T09:11:07.427Z,4,"Low Volatility",66.04,CAUTION,REDUCE_LOT,0.5,0.25,2651.5,2664,2648.5,4.2,4,0.0182,"MaxLotReduction=50%","ExecConf=66 Band=CAUTION Spread=88 Vol=20 Trend=55 News=80 Broker=92 | MaxLotReduction=50%",PENDING_ONLY
2026-07-30T09:11:07.427Z,5,"Low Volatility",66.04,CAUTION,REDUCE_LOT,0.5,0.25,2653.2,2664.5,2649,4.2,5,0.0186,"MaxLotReduction=50%","ExecConf=66 Band=CAUTION Spread=88 Vol=20 Trend=55 News=80 Broker=92 | MaxLotReduction=50%",PENDING_ONLY
2026-07-30T09:11:07.427Z,6,"Low Volatility",66.04,CAUTION,REDUCE_LOT,0.5,0.25,2654.9,2665,2649.5,4.2,6,0.0176,"MaxLotReduction=50%","ExecConf=66 Band=CAUTION Spread=88 Vol=20 Trend=55 News=80 Broker=92 | MaxLotReduction=50%",PENDING_ONLY
2026-07-30T09:11:07.427Z,7,"Low Volatility",66.04,CAUTION,REDUCE_LOT,0.5,0.25,2653,2665.5,2650,4.2,1,0.0187,"MaxLotReduction=50%","ExecConf=66 Band=CAUTION Spread=88 Vol=20 Trend=55 News=80 Broker=92 | MaxLotReduction=50%",PENDING_ONLY
2026-07-30T09:11:07.428Z,8,"Low Volatility",66.04,CAUTION,REDUCE_LOT,0.5,0.25,2654.7,2666,2650.5,4.2,2,0.0182,"MaxLotReduction=50%","ExecConf=66 Band=CAUTION Spread=88 Vol=20 Trend=55 News=80 Broker=92 | MaxLotReduction=50%",PENDING_ONLY
2026-07-30T09:11:07.428Z,9,"Low Volatility",66.04,CAUTION,REDUCE_LOT,0.5,0.25,2656.4,2666.5,2651,4.2,3,0.0187,"MaxLotReduction=50%","ExecConf=66 Band=CAUTION Spread=88 Vol=20 Trend=55 News=80 Broker=92 | MaxLotReduction=50%",PENDING_ONLY
2026-07-30T09:11:07.428Z,10,"Low Volatility",66.04,CAUTION,REDUCE_LOT,0.5,0.25,2654.5,2667,2651.5,4.2,4,0.0195,"MaxLotReduction=50%","ExecConf=66 Band=CAUTION Spread=88 Vol=20 Trend=55 News=80 Broker=92 | MaxLotReduction=50%",PENDING_ONLY
2026-07-30T09:11:07.428Z,11,"Low Volatility",66.04,CAUTION,REDUCE_LOT,0.5,0.25,2656.2,2667.5,2652,4.2,5,0.0198,"MaxLotReduction=50%","ExecConf=66 Band=CAUTION Spread=88 Vol=20 Trend=55 News=80 Broker=92 | MaxLotReduction=50%",PENDING_ONLY
2026-07-30T09:11:07.428Z,12,"Low Volatility",66.04,CAUTION,REDUCE_LOT,0.5,0.25,2657.9,2668,2652.5,4.2,6,0.0187,"MaxLotReduction=50%","ExecConf=66 Band=CAUTION Spread=88 Vol=20 Trend=55 News=80 Broker=92 | MaxLotReduction=50%",PENDING_ONLY
2026-07-30T09:11:07.428Z,13,"Low Volatility",66.04,CAUTION,REDUCE_LOT,0.5,0.25,2656,2668.5,2653,4.2,1,0.0189,"MaxLotReduction=50%","ExecConf=66 Band=CAUTION Spread=88 Vol=20 Trend=55 News=80 Broker=92 | MaxLotReduction=50%",PENDING_ONLY
2026-07-30T09:11:07.428Z,14,"Low Volatility",66.04,CAUTION,REDUCE_LOT,0.5,0.25,2657.7,2669,2653.5,4.2,2,0.0180,"MaxLotReduction=50%","ExecConf=66 Band=CAUTION Spread=88 Vol=20 Trend=55 News=80 Broker=92 | MaxLotReduction=50%",PENDING_ONLY
2026-07-30T09:11:07.428Z,15,"Low Volatility",66.04,CAUTION,REDUCE_LOT,0.5,0.25,2659.4,2669.5,2654,4.2,3,0.0173,"MaxLotReduction=50%","ExecConf=66 Band=CAUTION Spread=88 Vol=20 Trend=55 News=80 Broker=92 | MaxLotReduction=50%",PENDING_ONLY
2026-07-30T09:11:07.428Z,16,"Low Volatility",66.04,CAUTION,REDUCE_LOT,0.5,0.25,2657.5,2670,2654.5,4.2,4,0.0187,"MaxLotReduction=50%","ExecConf=66 Band=CAUTION Spread=88 Vol=20 Trend=55 News=80 Broker=92 | MaxLotReduction=50%",PENDING_ONLY
2026-07-30T09:11:07.428Z,17,"Low Volatility",66.04,CAUTION,REDUCE_LOT,0.5,0.25,2659.2,2670.5,2655,4.2,5,0.0180,"MaxLotReduction=50%","ExecConf=66 Band=CAUTION Spread=88 Vol=20 Trend=55 News=80 Broker=92 | MaxLotReduction=50%",PENDING_ONLY
2026-07-30T09:11:07.428Z,18,"Low Volatility",66.04,CAUTION,REDUCE_LOT,0.5,0.25,2660.9,2671,2655.5,4.2,6,0.0179,"MaxLotReduction=50%","ExecConf=66 Band=CAUTION Spread=88 Vol=20 Trend=55 News=80 Broker=92 | MaxLotReduction=50%",PENDING_ONLY
2026-07-30T09:11:07.428Z,19,"Low Volatility",66.04,CAUTION,REDUCE_LOT,0.5,0.25,2659,2671.5,2656,4.2,1,0.0185,"MaxLotReduction=50%","ExecConf=66 Band=CAUTION Spread=88 Vol=20 Trend=55 News=80 Broker=92 | MaxLotReduction=50%",PENDING_ONLY
2026-07-30T09:11:07.428Z,20,"Low Volatility",66.04,CAUTION,REDUCE_LOT,0.5,0.25,2660.7,2672,2656.5,4.2,2,0.0189,"MaxLotReduction=50%","ExecConf=66 Band=CAUTION Spread=88 Vol=20 Trend=55 News=80 Broker=92 | MaxLotReduction=50%",PENDING_ONLY
2026-07-30T09:11:07.428Z,21,"Low Volatility",66.04,CAUTION,REDUCE_LOT,0.5,0.25,2662.4,2672.5,2657,4.2,3,0.0183,"MaxLotReduction=50%","ExecConf=66 Band=CAUTION Spread=88 Vol=20 Trend=55 News=80 Broker=92 | MaxLotReduction=50%",PENDING_ONLY
2026-07-30T09:11:07.428Z,22,"Low Volatility",66.04,CAUTION,REDUCE_LOT,0.5,0.25,2660.5,2673,2657.5,4.2,4,0.0182,"MaxLotReduction=50%","ExecConf=66 Band=CAUTION Spread=88 Vol=20 Trend=55 News=80 Broker=92 | MaxLotReduction=50%",PENDING_ONLY
2026-07-30T09:11:07.429Z,23,"Low Volatility",66.04,CAUTION,REDUCE_LOT,0.5,0.25,2662.2,2673.5,2658,4.2,5,0.0180,"MaxLotReduction=50%","ExecConf=66 Band=CAUTION Spread=88 Vol=20 Trend=55 News=80 Broker=92 | MaxLotReduction=50%",PENDING_ONLY
2026-07-30T09:11:07.429Z,24,"Low Volatility",66.04,CAUTION,REDUCE_LOT,0.5,0.25,2663.9,2674,2658.5,4.2,6,0.0174,"MaxLotReduction=50%","ExecConf=66 Band=CAUTION Spread=88 Vol=20 Trend=55 News=80 Broker=92 | MaxLotReduction=50%",PENDING_ONLY
2026-07-30T09:11:07.429Z,25,"Low Volatility",66.04,CAUTION,REDUCE_LOT,0.5,0.25,2662,2674.5,2659,4.2,1,0.0180,"MaxLotReduction=50%","ExecConf=66 Band=CAUTION Spread=88 Vol=20 Trend=55 News=80 Broker=92 | MaxLotReduction=50%",PENDING_ONLY
2026-07-30T09:11:07.429Z,26,"Low Volatility",66.04,CAUTION,REDUCE_LOT,0.5,0.25,2663.7,2675,2659.5,4.2,2,0.0182,"MaxLotReduction=50%","ExecConf=66 Band=CAUTION Spread=88 Vol=20 Trend=55 News=80 Broker=92 | MaxLotReduction=50%",PENDING_ONLY
2026-07-30T09:11:07.429Z,27,"Low Volatility",66.04,CAUTION,REDUCE_LOT,0.5,0.25,2665.4,2675.5,2660,4.2,3,0.0165,"MaxLotReduction=50%","ExecConf=66 Band=CAUTION Spread=88 Vol=20 Trend=55 News=80 Broker=92 | MaxLotReduction=50%",PENDING_ONLY
2026-07-30T09:11:07.429Z,28,"Low Volatility",66.04,CAUTION,REDUCE_LOT,0.5,0.25,2663.5,2676,2660.5,4.2,4,0.0170,"MaxLotReduction=50%","ExecConf=66 Band=CAUTION Spread=88 Vol=20 Trend=55 News=80 Broker=92 | MaxLotReduction=50%",PENDING_ONLY
2026-07-30T09:11:07.429Z,29,"Low Volatility",66.04,CAUTION,REDUCE_LOT,0.5,0.25,2665.2,2676.5,2661,4.2,5,0.0319,"MaxLotReduction=50%","ExecConf=66 Band=CAUTION Spread=88 Vol=20 Trend=55 News=80 Broker=92 | MaxLotReduction=50%",PENDING_ONLY
2026-07-30T09:11:07.429Z,30,"Low Volatility",66.04,CAUTION,REDUCE_LOT,0.5,0.25,2666.9,2677,2661.5,4.2,6,0.0235,"MaxLotReduction=50%","ExecConf=66 Band=CAUTION Spread=88 Vol=20 Trend=55 News=80 Broker=92 | MaxLotReduction=50%",PENDING_ONLY
2026-07-30T09:11:07.429Z,31,"Low Volatility",66.04,CAUTION,REDUCE_LOT,0.5,0.25,2665,2677.5,2662,4.2,1,0.0354,"MaxLotReduction=50%","ExecConf=66 Band=CAUTION Spread=88 Vol=20 Trend=55 News=80 Broker=92 | MaxLotReduction=50%",PENDING_ONLY
2026-07-30T09:11:07.429Z,32,"Low Volatility",66.04,CAUTION,REDUCE_LOT,0.5,0.25,2666.7,2678,2662.5,4.2,2,0.0336,"MaxLotReduction=50%","ExecConf=66 Band=CAUTION Spread=88 Vol=20 Trend=55 News=80 Broker=92 | MaxLotReduction=50%",PENDING_ONLY
2026-07-30T09:11:07.429Z,33,"Low Volatility",66.04,CAUTION,REDUCE_LOT,0.5,0.25,2668.4,2678.5,2663,4.2,3,0.0186,"MaxLotReduction=50%","ExecConf=66 Band=CAUTION Spread=88 Vol=20 Trend=55 News=80 Broker=92 | MaxLotReduction=50%",PENDING_ONLY
2026-07-30T09:11:07.429Z,34,"Low Volatility",66.04,CAUTION,REDUCE_LOT,0.5,0.25,2666.5,2679,2663.5,4.2,4,0.0251,"MaxLotReduction=50%","ExecConf=66 Band=CAUTION Spread=88 Vol=20 Trend=55 News=80 Broker=92 | MaxLotReduction=50%",PENDING_ONLY
2026-07-30T09:11:07.429Z,35,"Low Volatility",66.04,CAUTION,REDUCE_LOT,0.5,0.25,2668.2,2679.5,2664,4.2,5,0.0181,"MaxLotReduction=50%","ExecConf=66 Band=CAUTION Spread=88 Vol=20 Trend=55 News=80 Broker=92 | MaxLotReduction=50%",PENDING_ONLY
2026-07-30T09:11:07.429Z,36,"Low Volatility",66.04,CAUTION,REDUCE_LOT,0.5,0.25,2669.9,2680,2664.5,4.2,6,0.0182,"MaxLotReduction=50%","ExecConf=66 Band=CAUTION Spread=88 Vol=20 Trend=55 News=80 Broker=92 | MaxLotReduction=50%",PENDING_ONLY
2026-07-30T09:11:07.429Z,37,"Low Volatility",66.04,CAUTION,REDUCE_LOT,0.5,0.25,2668,2680.5,2665,4.2,1,0.0170,"MaxLotReduction=50%","ExecConf=66 Band=CAUTION Spread=88 Vol=20 Trend=55 News=80 Broker=92 | MaxLotReduction=50%",PENDING_ONLY
2026-07-30T09:11:07.430Z,38,"Low Volatility",66.04,CAUTION,REDUCE_LOT,0.5,0.25,2669.7,2681,2665.5,4.2,2,0.0169,"MaxLotReduction=50%","ExecConf=66 Band=CAUTION Spread=88 Vol=20 Trend=55 News=80 Broker=92 | MaxLotReduction=50%",PENDING_ONLY
2026-07-30T09:11:07.430Z,39,"Low Volatility",66.04,CAUTION,REDUCE_LOT,0.5,0.25,2671.4,2681.5,2666,4.2,3,0.0164,"MaxLotReduction=50%","ExecConf=66 Band=CAUTION Spread=88 Vol=20 Trend=55 News=80 Broker=92 | MaxLotReduction=50%",PENDING_ONLY
2026-07-30T09:11:07.430Z,40,"Low Volatility",66.04,CAUTION,REDUCE_LOT,0.5,0.25,2669.5,2682,2666.5,4.2,4,0.0174,"MaxLotReduction=50%","ExecConf=66 Band=CAUTION Spread=88 Vol=20 Trend=55 News=80 Broker=92 | MaxLotReduction=50%",PENDING_ONLY
2026-07-30T09:11:07.430Z,41,"Low Volatility",66.04,CAUTION,REDUCE_LOT,0.5,0.25,2671.2,2682.5,2667,4.2,5,0.0175,"MaxLotReduction=50%","ExecConf=66 Band=CAUTION Spread=88 Vol=20 Trend=55 News=80 Broker=92 | MaxLotReduction=50%",PENDING_ONLY
2026-07-30T09:11:07.430Z,42,"Low Volatility",66.04,CAUTION,REDUCE_LOT,0.5,0.25,2672.9,2683,2667.5,4.2,6,0.0172,"MaxLotReduction=50%","ExecConf=66 Band=CAUTION Spread=88 Vol=20 Trend=55 News=80 Broker=92 | MaxLotReduction=50%",PENDING_ONLY
2026-07-30T09:11:07.430Z,43,"Low Volatility",66.04,CAUTION,REDUCE_LOT,0.5,0.25,2671,2683.5,2668,4.2,1,0.0169,"MaxLotReduction=50%","ExecConf=66 Band=CAUTION Spread=88 Vol=20 Trend=55 News=80 Broker=92 | MaxLotReduction=50%",PENDING_ONLY
2026-07-30T09:11:07.430Z,44,"Low Volatility",66.04,CAUTION,REDUCE_LOT,0.5,0.25,2672.7,2684,2668.5,4.2,2,0.0160,"MaxLotReduction=50%","ExecConf=66 Band=CAUTION Spread=88 Vol=20 Trend=55 News=80 Broker=92 | MaxLotReduction=50%",PENDING_ONLY
2026-07-30T09:11:07.430Z,45,"Low Volatility",66.04,CAUTION,REDUCE_LOT,0.5,0.25,2674.4,2684.5,2669,4.2,3,0.0170,"MaxLotReduction=50%","ExecConf=66 Band=CAUTION Spread=88 Vol=20 Trend=55 News=80 Broker=92 | MaxLotReduction=50%",PENDING_ONLY
2026-07-30T09:11:07.430Z,46,"Low Volatility",66.04,CAUTION,REDUCE_LOT,0.5,0.25,2672.5,2685,2669.5,4.2,4,0.0174,"MaxLotReduction=50%","ExecConf=66 Band=CAUTION Spread=88 Vol=20 Trend=55 News=80 Broker=92 | MaxLotReduction=50%",PENDING_ONLY
2026-07-30T09:11:07.430Z,47,"Low Volatility",66.04,CAUTION,REDUCE_LOT,0.5,0.25,2674.2,2685.5,2670,4.2,5,0.0173,"MaxLotReduction=50%","ExecConf=66 Band=CAUTION Spread=88 Vol=20 Trend=55 News=80 Broker=92 | MaxLotReduction=50%",PENDING_ONLY
2026-07-30T09:11:07.430Z,48,"Low Volatility",66.04,CAUTION,REDUCE_LOT,0.5,0.25,2675.9,2686,2670.5,4.2,6,0.0170,"MaxLotReduction=50%","ExecConf=66 Band=CAUTION Spread=88 Vol=20 Trend=55 News=80 Broker=92 | MaxLotReduction=50%",PENDING_ONLY
2026-07-30T09:11:07.430Z,49,"Low Volatility",66.04,CAUTION,REDUCE_LOT,0.5,0.25,2674,2686.5,2671,4.2,1,0.0174,"MaxLotReduction=50%","ExecConf=66 Band=CAUTION Spread=88 Vol=20 Trend=55 News=80 Broker=92 | MaxLotReduction=50%",PENDING_ONLY
2026-07-30T09:11:07.430Z,50,"Low Volatility",66.04,CAUTION,REDUCE_LOT,0.5,0.25,2675.7,2687,2671.5,4.2,2,0.0175,"MaxLotReduction=50%","ExecConf=66 Band=CAUTION Spread=88 Vol=20 Trend=55 News=80 Broker=92 | MaxLotReduction=50%",PENDING_ONLY
2026-07-30T09:11:07.430Z,1,"London Open",81.11,STRONG,NORMAL,0.5,0.5,2650,2662.5,2647,14,1,0.0132,"TradeExactAsEngine","ExecConf=81 Band=STRONG Spread=70 Vol=65 Trend=78 News=70 Broker=88 | TradeExactAsEngine",PENDING_ONLY
2026-07-30T09:11:07.430Z,2,"London Open",81.11,STRONG,NORMAL,0.5,0.5,2651.7,2663,2647.5,14,2,0.0136,"TradeExactAsEngine","ExecConf=81 Band=STRONG Spread=70 Vol=65 Trend=78 News=70 Broker=88 | TradeExactAsEngine",PENDING_ONLY
2026-07-30T09:11:07.430Z,3,"London Open",81.11,STRONG,NORMAL,0.5,0.5,2653.4,2663.5,2648,14,3,0.0118,"TradeExactAsEngine","ExecConf=81 Band=STRONG Spread=70 Vol=65 Trend=78 News=70 Broker=88 | TradeExactAsEngine",PENDING_ONLY
2026-07-30T09:11:07.430Z,4,"London Open",81.11,STRONG,NORMAL,0.5,0.5,2651.5,2664,2648.5,14,4,0.0137,"TradeExactAsEngine","ExecConf=81 Band=STRONG Spread=70 Vol=65 Trend=78 News=70 Broker=88 | TradeExactAsEngine",PENDING_ONLY
2026-07-30T09:11:07.430Z,5,"London Open",81.11,STRONG,NORMAL,0.5,0.5,2653.2,2664.5,2649,14,5,0.0125,"TradeExactAsEngine","ExecConf=81 Band=STRONG Spread=70 Vol=65 Trend=78 News=70 Broker=88 | TradeExactAsEngine",PENDING_ONLY
2026-07-30T09:11:07.430Z,6,"London Open",81.11,STRONG,NORMAL,0.5,0.5,2654.9,2665,2649.5,14,6,0.0128,"TradeExactAsEngine","ExecConf=81 Band=STRONG Spread=70 Vol=65 Trend=78 News=70 Broker=88 | TradeExactAsEngine",PENDING_ONLY
2026-07-30T09:11:07.431Z,7,"London Open",81.11,STRONG,NORMAL,0.5,0.5,2653,2665.5,2650,14,1,0.0127,"TradeExactAsEngine","ExecConf=81 Band=STRONG Spread=70 Vol=65 Trend=78 News=70 Broker=88 | TradeExactAsEngine",PENDING_ONLY
2026-07-30T09:11:07.431Z,8,"London Open",81.11,STRONG,NORMAL,0.5,0.5,2654.7,2666,2650.5,14,2,0.0128,"TradeExactAsEngine","ExecConf=81 Band=STRONG Spread=70 Vol=65 Trend=78 News=70 Broker=88 | TradeExactAsEngine",PENDING_ONLY
2026-07-30T09:11:07.431Z,9,"London Open",81.11,STRONG,NORMAL,0.5,0.5,2656.4,2666.5,2651,14,3,0.0133,"TradeExactAsEngine","ExecConf=81 Band=STRONG Spread=70 Vol=65 Trend=78 News=70 Broker=88 | TradeExactAsEngine",PENDING_ONLY
2026-07-30T09:11:07.431Z,10,"London Open",81.11,STRONG,NORMAL,0.5,0.5,2654.5,2667,2651.5,14,4,0.0122,"TradeExactAsEngine","ExecConf=81 Band=STRONG Spread=70 Vol=65 Trend=78 News=70 Broker=88 | TradeExactAsEngine",PENDING_ONLY
2026-07-30T09:11:07.431Z,11,"London Open",81.11,STRONG,NORMAL,0.5,0.5,2656.2,2667.5,2652,14,5,0.0122,"TradeExactAsEngine","ExecConf=81 Band=STRONG Spread=70 Vol=65 Trend=78 News=70 Broker=88 | TradeExactAsEngine",PENDING_ONLY
2026-07-30T09:11:07.431Z,12,"London Open",81.11,STRONG,NORMAL,0.5,0.5,2657.9,2668,2652.5,14,6,0.0128,"TradeExactAsEngine","ExecConf=81 Band=STRONG Spread=70 Vol=65 Trend=78 News=70 Broker=88 | TradeExactAsEngine",PENDING_ONLY
2026-07-30T09:11:07.431Z,13,"London Open",81.11,STRONG,NORMAL,0.5,0.5,2656,2668.5,2653,14,1,0.0136,"TradeExactAsEngine","ExecConf=81 Band=STRONG Spread=70 Vol=65 Trend=78 News=70 Broker=88 | TradeExactAsEngine",PENDING_ONLY
2026-07-30T09:11:07.431Z,14,"London Open",81.11,STRONG,NORMAL,0.5,0.5,2657.7,2669,2653.5,14,2,0.0129,"TradeExactAsEngine","ExecConf=81 Band=STRONG Spread=70 Vol=65 Trend=78 News=70 Broker=88 | TradeExactAsEngine",PENDING_ONLY
2026-07-30T09:11:07.431Z,15,"London Open",81.11,STRONG,NORMAL,0.5,0.5,2659.4,2669.5,2654,14,3,0.0129,"TradeExactAsEngine","ExecConf=81 Band=STRONG Spread=70 Vol=65 Trend=78 News=70 Broker=88 | TradeExactAsEngine",PENDING_ONLY
2026-07-30T09:11:07.431Z,16,"London Open",81.11,STRONG,NORMAL,0.5,0.5,2657.5,2670,2654.5,14,4,0.0119,"TradeExactAsEngine","ExecConf=81 Band=STRONG Spread=70 Vol=65 Trend=78 News=70 Broker=88 | TradeExactAsEngine",PENDING_ONLY
2026-07-30T09:11:07.431Z,17,"London Open",81.11,STRONG,NORMAL,0.5,0.5,2659.2,2670.5,2655,14,5,0.0125,"TradeExactAsEngine","ExecConf=81 Band=STRONG Spread=70 Vol=65 Trend=78 News=70 Broker=88 | TradeExactAsEngine",PENDING_ONLY
2026-07-30T09:11:07.431Z,18,"London Open",81.11,STRONG,NORMAL,0.5,0.5,2660.9,2671,2655.5,14,6,0.0118,"TradeExactAsEngine","ExecConf=81 Band=STRONG Spread=70 Vol=65 Trend=78 News=70 Broker=88 | TradeExactAsEngine",PENDING_ONLY
2026-07-30T09:11:07.431Z,19,"London Open",81.11,STRONG,NORMAL,0.5,0.5,2659,2671.5,2656,14,1,0.0126,"TradeExactAsEngine","ExecConf=81 Band=STRONG Spread=70 Vol=65 Trend=78 News=70 Broker=88 | TradeExactAsEngine",PENDING_ONLY
2026-07-30T09:11:07.431Z,20,"London Open",81.11,STRONG,NORMAL,0.5,0.5,2660.7,2672,2656.5,14,2,0.0120,"TradeExactAsEngine","ExecConf=81 Band=STRONG Spread=70 Vol=65 Trend=78 News=70 Broker=88 | TradeExactAsEngine",PENDING_ONLY
2026-07-30T09:11:07.431Z,21,"London Open",81.11,STRONG,NORMAL,0.5,0.5,2662.4,2672.5,2657,14,3,0.0131,"TradeExactAsEngine","ExecConf=81 Band=STRONG Spread=70 Vol=65 Trend=78 News=70 Broker=88 | TradeExactAsEngine",PENDING_ONLY
2026-07-30T09:11:07.431Z,22,"London Open",81.11,STRONG,NORMAL,0.5,0.5,2660.5,2673,2657.5,14,4,0.0129,"TradeExactAsEngine","ExecConf=81 Band=STRONG Spread=70 Vol=65 Trend=78 News=70 Broker=88 | TradeExactAsEngine",PENDING_ONLY
2026-07-30T09:11:07.431Z,23,"London Open",81.11,STRONG,NORMAL,0.5,0.5,2662.2,2673.5,2658,14,5,0.0126,"TradeExactAsEngine","ExecConf=81 Band=STRONG Spread=70 Vol=65 Trend=78 News=70 Broker=88 | TradeExactAsEngine",PENDING_ONLY
2026-07-30T09:11:07.431Z,24,"London Open",81.11,STRONG,NORMAL,0.5,0.5,2663.9,2674,2658.5,14,6,0.0126,"TradeExactAsEngine","ExecConf=81 Band=STRONG Spread=70 Vol=65 Trend=78 News=70 Broker=88 | TradeExactAsEngine",PENDING_ONLY
2026-07-30T09:11:07.431Z,25,"London Open",81.11,STRONG,NORMAL,0.5,0.5,2662,2674.5,2659,14,1,0.0121,"TradeExactAsEngine","ExecConf=81 Band=STRONG Spread=70 Vol=65 Trend=78 News=70 Broker=88 | TradeExactAsEngine",PENDING_ONLY
2026-07-30T09:11:07.431Z,26,"London Open",81.11,STRONG,NORMAL,0.5,0.5,2663.7,2675,2659.5,14,2,0.0129,"TradeExactAsEngine","ExecConf=81 Band=STRONG Spread=70 Vol=65 Trend=78 News=70 Broker=88 | TradeExactAsEngine",PENDING_ONLY
2026-07-30T09:11:07.431Z,27,"London Open",81.11,STRONG,NORMAL,0.5,0.5,2665.4,2675.5,2660,14,3,0.0122,"TradeExactAsEngine","ExecConf=81 Band=STRONG Spread=70 Vol=65 Trend=78 News=70 Broker=88 | TradeExactAsEngine",PENDING_ONLY
2026-07-30T09:11:07.431Z,28,"London Open",81.11,STRONG,NORMAL,0.5,0.5,2663.5,2676,2660.5,14,4,0.0124,"TradeExactAsEngine","ExecConf=81 Band=STRONG Spread=70 Vol=65 Trend=78 News=70 Broker=88 | TradeExactAsEngine",PENDING_ONLY
2026-07-30T09:11:07.431Z,29,"London Open",81.11,STRONG,NORMAL,0.5,0.5,2665.2,2676.5,2661,14,5,0.0132,"TradeExactAsEngine","ExecConf=81 Band=STRONG Spread=70 Vol=65 Trend=78 News=70 Broker=88 | TradeExactAsEngine",PENDING_ONLY
2026-07-30T09:11:07.432Z,30,"London Open",81.11,STRONG,NORMAL,0.5,0.5,2666.9,2677,2661.5,14,6,0.0132,"TradeExactAsEngine","ExecConf=81 Band=STRONG Spread=70 Vol=65 Trend=78 News=70 Broker=88 | TradeExactAsEngine",PENDING_ONLY
2026-07-30T09:11:07.432Z,31,"London Open",81.11,STRONG,NORMAL,0.5,0.5,2665,2677.5,2662,14,1,0.0131,"TradeExactAsEngine","ExecConf=81 Band=STRONG Spread=70 Vol=65 Trend=78 News=70 Broker=88 | TradeExactAsEngine",PENDING_ONLY
2026-07-30T09:11:07.432Z,32,"London Open",81.11,STRONG,NORMAL,0.5,0.5,2666.7,2678,2662.5,14,2,0.0150,"TradeExactAsEngine","ExecConf=81 Band=STRONG Spread=70 Vol=65 Trend=78 News=70 Broker=88 | TradeExactAsEngine",PENDING_ONLY
2026-07-30T09:11:07.432Z,33,"London Open",81.11,STRONG,NORMAL,0.5,0.5,2668.4,2678.5,2663,14,3,0.0130,"TradeExactAsEngine","ExecConf=81 Band=STRONG Spread=70 Vol=65 Trend=78 News=70 Broker=88 | TradeExactAsEngine",PENDING_ONLY
2026-07-30T09:11:07.432Z,34,"London Open",81.11,STRONG,NORMAL,0.5,0.5,2666.5,2679,2663.5,14,4,0.0133,"TradeExactAsEngine","ExecConf=81 Band=STRONG Spread=70 Vol=65 Trend=78 News=70 Broker=88 | TradeExactAsEngine",PENDING_ONLY
2026-07-30T09:11:07.432Z,35,"London Open",81.11,STRONG,NORMAL,0.5,0.5,2668.2,2679.5,2664,14,5,0.0134,"TradeExactAsEngine","ExecConf=81 Band=STRONG Spread=70 Vol=65 Trend=78 News=70 Broker=88 | TradeExactAsEngine",PENDING_ONLY
2026-07-30T09:11:07.432Z,36,"London Open",81.11,STRONG,NORMAL,0.5,0.5,2669.9,2680,2664.5,14,6,0.0133,"TradeExactAsEngine","ExecConf=81 Band=STRONG Spread=70 Vol=65 Trend=78 News=70 Broker=88 | TradeExactAsEngine",PENDING_ONLY
2026-07-30T09:11:07.432Z,37,"London Open",81.11,STRONG,NORMAL,0.5,0.5,2668,2680.5,2665,14,1,0.0125,"TradeExactAsEngine","ExecConf=81 Band=STRONG Spread=70 Vol=65 Trend=78 News=70 Broker=88 | TradeExactAsEngine",PENDING_ONLY
2026-07-30T09:11:07.432Z,38,"London Open",81.11,STRONG,NORMAL,0.5,0.5,2669.7,2681,2665.5,14,2,0.0124,"TradeExactAsEngine","ExecConf=81 Band=STRONG Spread=70 Vol=65 Trend=78 News=70 Broker=88 | TradeExactAsEngine",PENDING_ONLY
2026-07-30T09:11:07.432Z,39,"London Open",81.11,STRONG,NORMAL,0.5,0.5,2671.4,2681.5,2666,14,3,0.0127,"TradeExactAsEngine","ExecConf=81 Band=STRONG Spread=70 Vol=65 Trend=78 News=70 Broker=88 | TradeExactAsEngine",PENDING_ONLY
2026-07-30T09:11:07.432Z,40,"London Open",81.11,STRONG,NORMAL,0.5,0.5,2669.5,2682,2666.5,14,4,0.0128,"TradeExactAsEngine","ExecConf=81 Band=STRONG Spread=70 Vol=65 Trend=78 News=70 Broker=88 | TradeExactAsEngine",PENDING_ONLY
2026-07-30T09:11:07.432Z,41,"London Open",81.11,STRONG,NORMAL,0.5,0.5,2671.2,2682.5,2667,14,5,0.0129,"TradeExactAsEngine","ExecConf=81 Band=STRONG Spread=70 Vol=65 Trend=78 News=70 Broker=88 | TradeExactAsEngine",PENDING_ONLY
2026-07-30T09:11:07.432Z,42,"London Open",81.11,STRONG,NORMAL,0.5,0.5,2672.9,2683,2667.5,14,6,0.0119,"TradeExactAsEngine","ExecConf=81 Band=STRONG Spread=70 Vol=65 Trend=78 News=70 Broker=88 | TradeExactAsEngine",PENDING_ONLY
2026-07-30T09:11:07.432Z,43,"London Open",81.11,STRONG,NORMAL,0.5,0.5,2671,2683.5,2668,14,1,0.0180,"TradeExactAsEngine","ExecConf=81 Band=STRONG Spread=70 Vol=65 Trend=78 News=70 Broker=88 | TradeExactAsEngine",PENDING_ONLY
2026-07-30T09:11:07.434Z,44,"London Open",81.11,STRONG,NORMAL,0.5,0.5,2672.7,2684,2668.5,14,2,0.0231,"TradeExactAsEngine","ExecConf=81 Band=STRONG Spread=70 Vol=65 Trend=78 News=70 Broker=88 | TradeExactAsEngine",PENDING_ONLY
2026-07-30T09:11:07.434Z,45,"London Open",81.11,STRONG,NORMAL,0.5,0.5,2674.4,2684.5,2669,14,3,0.0145,"TradeExactAsEngine","ExecConf=81 Band=STRONG Spread=70 Vol=65 Trend=78 News=70 Broker=88 | TradeExactAsEngine",PENDING_ONLY
2026-07-30T09:11:07.434Z,46,"London Open",81.11,STRONG,NORMAL,0.5,0.5,2672.5,2685,2669.5,14,4,0.0132,"TradeExactAsEngine","ExecConf=81 Band=STRONG Spread=70 Vol=65 Trend=78 News=70 Broker=88 | TradeExactAsEngine",PENDING_ONLY
2026-07-30T09:11:07.434Z,47,"London Open",81.11,STRONG,NORMAL,0.5,0.5,2674.2,2685.5,2670,14,5,0.0134,"TradeExactAsEngine","ExecConf=81 Band=STRONG Spread=70 Vol=65 Trend=78 News=70 Broker=88 | TradeExactAsEngine",PENDING_ONLY
2026-07-30T09:11:07.434Z,48,"London Open",81.11,STRONG,NORMAL,0.5,0.5,2675.9,2686,2670.5,14,6,0.0134,"TradeExactAsEngine","ExecConf=81 Band=STRONG Spread=70 Vol=65 Trend=78 News=70 Broker=88 | TradeExactAsEngine",PENDING_ONLY
2026-07-30T09:11:07.434Z,49,"London Open",81.11,STRONG,NORMAL,0.5,0.5,2674,2686.5,2671,14,1,0.0136,"TradeExactAsEngine","ExecConf=81 Band=STRONG Spread=70 Vol=65 Trend=78 News=70 Broker=88 | TradeExactAsEngine",PENDING_ONLY
2026-07-30T09:11:07.434Z,50,"London Open",81.11,STRONG,NORMAL,0.5,0.5,2675.7,2687,2671.5,14,2,0.0136,"TradeExactAsEngine","ExecConf=81 Band=STRONG Spread=70 Vol=65 Trend=78 News=70 Broker=88 | TradeExactAsEngine",PENDING_ONLY
2026-07-30T09:11:07.434Z,1,"New York Open",84.24,STRONG,NORMAL,0.5,0.5,2650,2662.5,2647,16,1,0.0126,"TradeExactAsEngine","ExecConf=84 Band=STRONG Spread=68 Vol=72 Trend=82 News=65 Broker=86 | TradeExactAsEngine",PENDING_ONLY
2026-07-30T09:11:07.434Z,2,"New York Open",84.24,STRONG,NORMAL,0.5,0.5,2651.7,2663,2647.5,16,2,0.0130,"TradeExactAsEngine","ExecConf=84 Band=STRONG Spread=68 Vol=72 Trend=82 News=65 Broker=86 | TradeExactAsEngine",PENDING_ONLY
2026-07-30T09:11:07.434Z,3,"New York Open",84.24,STRONG,NORMAL,0.5,0.5,2653.4,2663.5,2648,16,3,0.0141,"TradeExactAsEngine","ExecConf=84 Band=STRONG Spread=68 Vol=72 Trend=82 News=65 Broker=86 | TradeExactAsEngine",PENDING_ONLY
2026-07-30T09:11:07.434Z,4,"New York Open",84.24,STRONG,NORMAL,0.5,0.5,2651.5,2664,2648.5,16,4,0.0136,"TradeExactAsEngine","ExecConf=84 Band=STRONG Spread=68 Vol=72 Trend=82 News=65 Broker=86 | TradeExactAsEngine",PENDING_ONLY
2026-07-30T09:11:07.435Z,5,"New York Open",84.24,STRONG,NORMAL,0.5,0.5,2653.2,2664.5,2649,16,5,0.0125,"TradeExactAsEngine","ExecConf=84 Band=STRONG Spread=68 Vol=72 Trend=82 News=65 Broker=86 | TradeExactAsEngine",PENDING_ONLY
2026-07-30T09:11:07.435Z,6,"New York Open",84.24,STRONG,NORMAL,0.5,0.5,2654.9,2665,2649.5,16,6,0.0123,"TradeExactAsEngine","ExecConf=84 Band=STRONG Spread=68 Vol=72 Trend=82 News=65 Broker=86 | TradeExactAsEngine",PENDING_ONLY
2026-07-30T09:11:07.435Z,7,"New York Open",84.24,STRONG,NORMAL,0.5,0.5,2653,2665.5,2650,16,1,0.0124,"TradeExactAsEngine","ExecConf=84 Band=STRONG Spread=68 Vol=72 Trend=82 News=65 Broker=86 | TradeExactAsEngine",PENDING_ONLY
2026-07-30T09:11:07.435Z,8,"New York Open",84.24,STRONG,NORMAL,0.5,0.5,2654.7,2666,2650.5,16,2,0.0144,"TradeExactAsEngine","ExecConf=84 Band=STRONG Spread=68 Vol=72 Trend=82 News=65 Broker=86 | TradeExactAsEngine",PENDING_ONLY
2026-07-30T09:11:07.435Z,9,"New York Open",84.24,STRONG,NORMAL,0.5,0.5,2656.4,2666.5,2651,16,3,0.0123,"TradeExactAsEngine","ExecConf=84 Band=STRONG Spread=68 Vol=72 Trend=82 News=65 Broker=86 | TradeExactAsEngine",PENDING_ONLY
2026-07-30T09:11:07.435Z,10,"New York Open",84.24,STRONG,NORMAL,0.5,0.5,2654.5,2667,2651.5,16,4,0.0118,"TradeExactAsEngine","ExecConf=84 Band=STRONG Spread=68 Vol=72 Trend=82 News=65 Broker=86 | TradeExactAsEngine",PENDING_ONLY
2026-07-30T09:11:07.435Z,11,"New York Open",84.24,STRONG,NORMAL,0.5,0.5,2656.2,2667.5,2652,16,5,0.0119,"TradeExactAsEngine","ExecConf=84 Band=STRONG Spread=68 Vol=72 Trend=82 News=65 Broker=86 | TradeExactAsEngine",PENDING_ONLY
2026-07-30T09:11:07.435Z,12,"New York Open",84.24,STRONG,NORMAL,0.5,0.5,2657.9,2668,2652.5,16,6,0.0118,"TradeExactAsEngine","ExecConf=84 Band=STRONG Spread=68 Vol=72 Trend=82 News=65 Broker=86 | TradeExactAsEngine",PENDING_ONLY
2026-07-30T09:11:07.435Z,13,"New York Open",84.24,STRONG,NORMAL,0.5,0.5,2656,2668.5,2653,16,1,0.0130,"TradeExactAsEngine","ExecConf=84 Band=STRONG Spread=68 Vol=72 Trend=82 News=65 Broker=86 | TradeExactAsEngine",PENDING_ONLY
2026-07-30T09:11:07.435Z,14,"New York Open",84.24,STRONG,NORMAL,0.5,0.5,2657.7,2669,2653.5,16,2,0.1209,"TradeExactAsEngine","ExecConf=84 Band=STRONG Spread=68 Vol=72 Trend=82 News=65 Broker=86 | TradeExactAsEngine",PENDING_ONLY
2026-07-30T09:11:07.435Z,15,"New York Open",84.24,STRONG,NORMAL,0.5,0.5,2659.4,2669.5,2654,16,3,0.0131,"TradeExactAsEngine","ExecConf=84 Band=STRONG Spread=68 Vol=72 Trend=82 News=65 Broker=86 | TradeExactAsEngine",PENDING_ONLY
2026-07-30T09:11:07.435Z,16,"New York Open",84.24,STRONG,NORMAL,0.5,0.5,2657.5,2670,2654.5,16,4,0.0133,"TradeExactAsEngine","ExecConf=84 Band=STRONG Spread=68 Vol=72 Trend=82 News=65 Broker=86 | TradeExactAsEngine",PENDING_ONLY
2026-07-30T09:11:07.435Z,17,"New York Open",84.24,STRONG,NORMAL,0.5,0.5,2659.2,2670.5,2655,16,5,0.0136,"TradeExactAsEngine","ExecConf=84 Band=STRONG Spread=68 Vol=72 Trend=82 News=65 Broker=86 | TradeExactAsEngine",PENDING_ONLY
2026-07-30T09:11:07.435Z,18,"New York Open",84.24,STRONG,NORMAL,0.5,0.5,2660.9,2671,2655.5,16,6,0.0133,"TradeExactAsEngine","ExecConf=84 Band=STRONG Spread=68 Vol=72 Trend=82 News=65 Broker=86 | TradeExactAsEngine",PENDING_ONLY
2026-07-30T09:11:07.435Z,19,"New York Open",84.24,STRONG,NORMAL,0.5,0.5,2659,2671.5,2656,16,1,0.0127,"TradeExactAsEngine","ExecConf=84 Band=STRONG Spread=68 Vol=72 Trend=82 News=65 Broker=86 | TradeExactAsEngine",PENDING_ONLY
2026-07-30T09:11:07.435Z,20,"New York Open",84.24,STRONG,NORMAL,0.5,0.5,2660.7,2672,2656.5,16,2,0.0130,"TradeExactAsEngine","ExecConf=84 Band=STRONG Spread=68 Vol=72 Trend=82 News=65 Broker=86 | TradeExactAsEngine",PENDING_ONLY
2026-07-30T09:11:07.435Z,21,"New York Open",84.24,STRONG,NORMAL,0.5,0.5,2662.4,2672.5,2657,16,3,0.0136,"TradeExactAsEngine","ExecConf=84 Band=STRONG Spread=68 Vol=72 Trend=82 News=65 Broker=86 | TradeExactAsEngine",PENDING_ONLY
2026-07-30T09:11:07.435Z,22,"New York Open",84.24,STRONG,NORMAL,0.5,0.5,2660.5,2673,2657.5,16,4,0.0128,"TradeExactAsEngine","ExecConf=84 Band=STRONG Spread=68 Vol=72 Trend=82 News=65 Broker=86 | TradeExactAsEngine",PENDING_ONLY
2026-07-30T09:11:07.435Z,23,"New York Open",84.24,STRONG,NORMAL,0.5,0.5,2662.2,2673.5,2658,16,5,0.0135,"TradeExactAsEngine","ExecConf=84 Band=STRONG Spread=68 Vol=72 Trend=82 News=65 Broker=86 | TradeExactAsEngine",PENDING_ONLY
2026-07-30T09:11:07.436Z,24,"New York Open",84.24,STRONG,NORMAL,0.5,0.5,2663.9,2674,2658.5,16,6,0.0134,"TradeExactAsEngine","ExecConf=84 Band=STRONG Spread=68 Vol=72 Trend=82 News=65 Broker=86 | TradeExactAsEngine",PENDING_ONLY
2026-07-30T09:11:07.436Z,25,"New York Open",84.24,STRONG,NORMAL,0.5,0.5,2662,2674.5,2659,16,1,0.0141,"TradeExactAsEngine","ExecConf=84 Band=STRONG Spread=68 Vol=72 Trend=82 News=65 Broker=86 | TradeExactAsEngine",PENDING_ONLY
2026-07-30T09:11:07.436Z,26,"New York Open",84.24,STRONG,NORMAL,0.5,0.5,2663.7,2675,2659.5,16,2,0.0127,"TradeExactAsEngine","ExecConf=84 Band=STRONG Spread=68 Vol=72 Trend=82 News=65 Broker=86 | TradeExactAsEngine",PENDING_ONLY
2026-07-30T09:11:07.436Z,27,"New York Open",84.24,STRONG,NORMAL,0.5,0.5,2665.4,2675.5,2660,16,3,0.0133,"TradeExactAsEngine","ExecConf=84 Band=STRONG Spread=68 Vol=72 Trend=82 News=65 Broker=86 | TradeExactAsEngine",PENDING_ONLY
2026-07-30T09:11:07.436Z,28,"New York Open",84.24,STRONG,NORMAL,0.5,0.5,2663.5,2676,2660.5,16,4,0.0122,"TradeExactAsEngine","ExecConf=84 Band=STRONG Spread=68 Vol=72 Trend=82 News=65 Broker=86 | TradeExactAsEngine",PENDING_ONLY
2026-07-30T09:11:07.436Z,29,"New York Open",84.24,STRONG,NORMAL,0.5,0.5,2665.2,2676.5,2661,16,5,0.0121,"TradeExactAsEngine","ExecConf=84 Band=STRONG Spread=68 Vol=72 Trend=82 News=65 Broker=86 | TradeExactAsEngine",PENDING_ONLY
2026-07-30T09:11:07.436Z,30,"New York Open",84.24,STRONG,NORMAL,0.5,0.5,2666.9,2677,2661.5,16,6,0.0125,"TradeExactAsEngine","ExecConf=84 Band=STRONG Spread=68 Vol=72 Trend=82 News=65 Broker=86 | TradeExactAsEngine",PENDING_ONLY
2026-07-30T09:11:07.436Z,31,"New York Open",84.24,STRONG,NORMAL,0.5,0.5,2665,2677.5,2662,16,1,0.0119,"TradeExactAsEngine","ExecConf=84 Band=STRONG Spread=68 Vol=72 Trend=82 News=65 Broker=86 | TradeExactAsEngine",PENDING_ONLY
2026-07-30T09:11:07.436Z,32,"New York Open",84.24,STRONG,NORMAL,0.5,0.5,2666.7,2678,2662.5,16,2,0.0117,"TradeExactAsEngine","ExecConf=84 Band=STRONG Spread=68 Vol=72 Trend=82 News=65 Broker=86 | TradeExactAsEngine",PENDING_ONLY
2026-07-30T09:11:07.436Z,33,"New York Open",84.24,STRONG,NORMAL,0.5,0.5,2668.4,2678.5,2663,16,3,0.0134,"TradeExactAsEngine","ExecConf=84 Band=STRONG Spread=68 Vol=72 Trend=82 News=65 Broker=86 | TradeExactAsEngine",PENDING_ONLY
2026-07-30T09:11:07.436Z,34,"New York Open",84.24,STRONG,NORMAL,0.5,0.5,2666.5,2679,2663.5,16,4,0.0145,"TradeExactAsEngine","ExecConf=84 Band=STRONG Spread=68 Vol=72 Trend=82 News=65 Broker=86 | TradeExactAsEngine",PENDING_ONLY
2026-07-30T09:11:07.436Z,35,"New York Open",84.24,STRONG,NORMAL,0.5,0.5,2668.2,2679.5,2664,16,5,0.0140,"TradeExactAsEngine","ExecConf=84 Band=STRONG Spread=68 Vol=72 Trend=82 News=65 Broker=86 | TradeExactAsEngine",PENDING_ONLY
2026-07-30T09:11:07.436Z,36,"New York Open",84.24,STRONG,NORMAL,0.5,0.5,2669.9,2680,2664.5,16,6,0.0126,"TradeExactAsEngine","ExecConf=84 Band=STRONG Spread=68 Vol=72 Trend=82 News=65 Broker=86 | TradeExactAsEngine",PENDING_ONLY
2026-07-30T09:11:07.436Z,37,"New York Open",84.24,STRONG,NORMAL,0.5,0.5,2668,2680.5,2665,16,1,0.0135,"TradeExactAsEngine","ExecConf=84 Band=STRONG Spread=68 Vol=72 Trend=82 News=65 Broker=86 | TradeExactAsEngine",PENDING_ONLY
2026-07-30T09:11:07.436Z,38,"New York Open",84.24,STRONG,NORMAL,0.5,0.5,2669.7,2681,2665.5,16,2,0.0136,"TradeExactAsEngine","ExecConf=84 Band=STRONG Spread=68 Vol=72 Trend=82 News=65 Broker=86 | TradeExactAsEngine",PENDING_ONLY
2026-07-30T09:11:07.436Z,39,"New York Open",84.24,STRONG,NORMAL,0.5,0.5,2671.4,2681.5,2666,16,3,0.0136,"TradeExactAsEngine","ExecConf=84 Band=STRONG Spread=68 Vol=72 Trend=82 News=65 Broker=86 | TradeExactAsEngine",PENDING_ONLY
2026-07-30T09:11:07.436Z,40,"New York Open",84.24,STRONG,NORMAL,0.5,0.5,2669.5,2682,2666.5,16,4,0.0140,"TradeExactAsEngine","ExecConf=84 Band=STRONG Spread=68 Vol=72 Trend=82 News=65 Broker=86 | TradeExactAsEngine",PENDING_ONLY
2026-07-30T09:11:07.436Z,41,"New York Open",84.24,STRONG,NORMAL,0.5,0.5,2671.2,2682.5,2667,16,5,0.0135,"TradeExactAsEngine","ExecConf=84 Band=STRONG Spread=68 Vol=72 Trend=82 News=65 Broker=86 | TradeExactAsEngine",PENDING_ONLY
2026-07-30T09:11:07.436Z,42,"New York Open",84.24,STRONG,NORMAL,0.5,0.5,2672.9,2683,2667.5,16,6,0.0141,"TradeExactAsEngine","ExecConf=84 Band=STRONG Spread=68 Vol=72 Trend=82 News=65 Broker=86 | TradeExactAsEngine",PENDING_ONLY
2026-07-30T09:11:07.436Z,43,"New York Open",84.24,STRONG,NORMAL,0.5,0.5,2671,2683.5,2668,16,1,0.0136,"TradeExactAsEngine","ExecConf=84 Band=STRONG Spread=68 Vol=72 Trend=82 News=65 Broker=86 | TradeExactAsEngine",PENDING_ONLY
2026-07-30T09:11:07.436Z,44,"New York Open",84.24,STRONG,NORMAL,0.5,0.5,2672.7,2684,2668.5,16,2,0.0137,"TradeExactAsEngine","ExecConf=84 Band=STRONG Spread=68 Vol=72 Trend=82 News=65 Broker=86 | TradeExactAsEngine",PENDING_ONLY
2026-07-30T09:11:07.437Z,45,"New York Open",84.24,STRONG,NORMAL,0.5,0.5,2674.4,2684.5,2669,16,3,0.0134,"TradeExactAsEngine","ExecConf=84 Band=STRONG Spread=68 Vol=72 Trend=82 News=65 Broker=86 | TradeExactAsEngine",PENDING_ONLY
2026-07-30T09:11:07.437Z,46,"New York Open",84.24,STRONG,NORMAL,0.5,0.5,2672.5,2685,2669.5,16,4,0.0141,"TradeExactAsEngine","ExecConf=84 Band=STRONG Spread=68 Vol=72 Trend=82 News=65 Broker=86 | TradeExactAsEngine",PENDING_ONLY
2026-07-30T09:11:07.437Z,47,"New York Open",84.24,STRONG,NORMAL,0.5,0.5,2674.2,2685.5,2670,16,5,0.0137,"TradeExactAsEngine","ExecConf=84 Band=STRONG Spread=68 Vol=72 Trend=82 News=65 Broker=86 | TradeExactAsEngine",PENDING_ONLY
2026-07-30T09:11:07.437Z,48,"New York Open",84.24,STRONG,NORMAL,0.5,0.5,2675.9,2686,2670.5,16,6,0.0138,"TradeExactAsEngine","ExecConf=84 Band=STRONG Spread=68 Vol=72 Trend=82 News=65 Broker=86 | TradeExactAsEngine",PENDING_ONLY
2026-07-30T09:11:07.437Z,49,"New York Open",84.24,STRONG,NORMAL,0.5,0.5,2674,2686.5,2671,16,1,0.0139,"TradeExactAsEngine","ExecConf=84 Band=STRONG Spread=68 Vol=72 Trend=82 News=65 Broker=86 | TradeExactAsEngine",PENDING_ONLY
2026-07-30T09:11:07.437Z,50,"New York Open",84.24,STRONG,NORMAL,0.5,0.5,2675.7,2687,2671.5,16,2,0.0133,"TradeExactAsEngine","ExecConf=84 Band=STRONG Spread=68 Vol=72 Trend=82 News=65 Broker=86 | TradeExactAsEngine",PENDING_ONLY
2026-07-30T09:11:07.437Z,1,"Asian Session",60.33,CAUTION,REDUCE_LOT,0.5,0.25,2650,2662.5,2647,5.5,1,0.0261,"MaxLotReduction=50%","ExecConf=60 Band=CAUTION Spread=80 Vol=30 Trend=50 News=85 Broker=90 | MaxLotReduction=50%",PENDING_ONLY
2026-07-30T09:11:07.438Z,2,"Asian Session",60.33,CAUTION,REDUCE_LOT,0.5,0.25,2651.7,2663,2647.5,5.5,2,0.0287,"MaxLotReduction=50%","ExecConf=60 Band=CAUTION Spread=80 Vol=30 Trend=50 News=85 Broker=90 | MaxLotReduction=50%",PENDING_ONLY
2026-07-30T09:11:07.438Z,3,"Asian Session",60.33,CAUTION,REDUCE_LOT,0.5,0.25,2653.4,2663.5,2648,5.5,3,0.0179,"MaxLotReduction=50%","ExecConf=60 Band=CAUTION Spread=80 Vol=30 Trend=50 News=85 Broker=90 | MaxLotReduction=50%",PENDING_ONLY
2026-07-30T09:11:07.438Z,4,"Asian Session",60.33,CAUTION,REDUCE_LOT,0.5,0.25,2651.5,2664,2648.5,5.5,4,0.0168,"MaxLotReduction=50%","ExecConf=60 Band=CAUTION Spread=80 Vol=30 Trend=50 News=85 Broker=90 | MaxLotReduction=50%",PENDING_ONLY
2026-07-30T09:11:07.438Z,5,"Asian Session",60.33,CAUTION,REDUCE_LOT,0.5,0.25,2653.2,2664.5,2649,5.5,5,0.0164,"MaxLotReduction=50%","ExecConf=60 Band=CAUTION Spread=80 Vol=30 Trend=50 News=85 Broker=90 | MaxLotReduction=50%",PENDING_ONLY
2026-07-30T09:11:07.438Z,6,"Asian Session",60.33,CAUTION,REDUCE_LOT,0.5,0.25,2654.9,2665,2649.5,5.5,6,0.0168,"MaxLotReduction=50%","ExecConf=60 Band=CAUTION Spread=80 Vol=30 Trend=50 News=85 Broker=90 | MaxLotReduction=50%",PENDING_ONLY
2026-07-30T09:11:07.438Z,7,"Asian Session",60.33,CAUTION,REDUCE_LOT,0.5,0.25,2653,2665.5,2650,5.5,1,0.0147,"MaxLotReduction=50%","ExecConf=60 Band=CAUTION Spread=80 Vol=30 Trend=50 News=85 Broker=90 | MaxLotReduction=50%",PENDING_ONLY
2026-07-30T09:11:07.438Z,8,"Asian Session",60.33,CAUTION,REDUCE_LOT,0.5,0.25,2654.7,2666,2650.5,5.5,2,0.0172,"MaxLotReduction=50%","ExecConf=60 Band=CAUTION Spread=80 Vol=30 Trend=50 News=85 Broker=90 | MaxLotReduction=50%",PENDING_ONLY
2026-07-30T09:11:07.438Z,9,"Asian Session",60.33,CAUTION,REDUCE_LOT,0.5,0.25,2656.4,2666.5,2651,5.5,3,0.0167,"MaxLotReduction=50%","ExecConf=60 Band=CAUTION Spread=80 Vol=30 Trend=50 News=85 Broker=90 | MaxLotReduction=50%",PENDING_ONLY
2026-07-30T09:11:07.438Z,10,"Asian Session",60.33,CAUTION,REDUCE_LOT,0.5,0.25,2654.5,2667,2651.5,5.5,4,0.0169,"MaxLotReduction=50%","ExecConf=60 Band=CAUTION Spread=80 Vol=30 Trend=50 News=85 Broker=90 | MaxLotReduction=50%",PENDING_ONLY
2026-07-30T09:11:07.438Z,11,"Asian Session",60.33,CAUTION,REDUCE_LOT,0.5,0.25,2656.2,2667.5,2652,5.5,5,0.0168,"MaxLotReduction=50%","ExecConf=60 Band=CAUTION Spread=80 Vol=30 Trend=50 News=85 Broker=90 | MaxLotReduction=50%",PENDING_ONLY
2026-07-30T09:11:07.438Z,12,"Asian Session",60.33,CAUTION,REDUCE_LOT,0.5,0.25,2657.9,2668,2652.5,5.5,6,0.0180,"MaxLotReduction=50%","ExecConf=60 Band=CAUTION Spread=80 Vol=30 Trend=50 News=85 Broker=90 | MaxLotReduction=50%",PENDING_ONLY
2026-07-30T09:11:07.438Z,13,"Asian Session",60.33,CAUTION,REDUCE_LOT,0.5,0.25,2656,2668.5,2653,5.5,1,0.0178,"MaxLotReduction=50%","ExecConf=60 Band=CAUTION Spread=80 Vol=30 Trend=50 News=85 Broker=90 | MaxLotReduction=50%",PENDING_ONLY
2026-07-30T09:11:07.438Z,14,"Asian Session",60.33,CAUTION,REDUCE_LOT,0.5,0.25,2657.7,2669,2653.5,5.5,2,0.0175,"MaxLotReduction=50%","ExecConf=60 Band=CAUTION Spread=80 Vol=30 Trend=50 News=85 Broker=90 | MaxLotReduction=50%",PENDING_ONLY
2026-07-30T09:11:07.438Z,15,"Asian Session",60.33,CAUTION,REDUCE_LOT,0.5,0.25,2659.4,2669.5,2654,5.5,3,0.0171,"MaxLotReduction=50%","ExecConf=60 Band=CAUTION Spread=80 Vol=30 Trend=50 News=85 Broker=90 | MaxLotReduction=50%",PENDING_ONLY
2026-07-30T09:11:07.438Z,16,"Asian Session",60.33,CAUTION,REDUCE_LOT,0.5,0.25,2657.5,2670,2654.5,5.5,4,0.0161,"MaxLotReduction=50%","ExecConf=60 Band=CAUTION Spread=80 Vol=30 Trend=50 News=85 Broker=90 | MaxLotReduction=50%",PENDING_ONLY
2026-07-30T09:11:07.438Z,17,"Asian Session",60.33,CAUTION,REDUCE_LOT,0.5,0.25,2659.2,2670.5,2655,5.5,5,0.0179,"MaxLotReduction=50%","ExecConf=60 Band=CAUTION Spread=80 Vol=30 Trend=50 News=85 Broker=90 | MaxLotReduction=50%",PENDING_ONLY
2026-07-30T09:11:07.438Z,18,"Asian Session",60.33,CAUTION,REDUCE_LOT,0.5,0.25,2660.9,2671,2655.5,5.5,6,0.0161,"MaxLotReduction=50%","ExecConf=60 Band=CAUTION Spread=80 Vol=30 Trend=50 News=85 Broker=90 | MaxLotReduction=50%",PENDING_ONLY
2026-07-30T09:11:07.439Z,19,"Asian Session",60.33,CAUTION,REDUCE_LOT,0.5,0.25,2659,2671.5,2656,5.5,1,0.0161,"MaxLotReduction=50%","ExecConf=60 Band=CAUTION Spread=80 Vol=30 Trend=50 News=85 Broker=90 | MaxLotReduction=50%",PENDING_ONLY
2026-07-30T09:11:07.439Z,20,"Asian Session",60.33,CAUTION,REDUCE_LOT,0.5,0.25,2660.7,2672,2656.5,5.5,2,0.0164,"MaxLotReduction=50%","ExecConf=60 Band=CAUTION Spread=80 Vol=30 Trend=50 News=85 Broker=90 | MaxLotReduction=50%",PENDING_ONLY
2026-07-30T09:11:07.439Z,21,"Asian Session",60.33,CAUTION,REDUCE_LOT,0.5,0.25,2662.4,2672.5,2657,5.5,3,0.0155,"MaxLotReduction=50%","ExecConf=60 Band=CAUTION Spread=80 Vol=30 Trend=50 News=85 Broker=90 | MaxLotReduction=50%",PENDING_ONLY
2026-07-30T09:11:07.439Z,22,"Asian Session",60.33,CAUTION,REDUCE_LOT,0.5,0.25,2660.5,2673,2657.5,5.5,4,0.0164,"MaxLotReduction=50%","ExecConf=60 Band=CAUTION Spread=80 Vol=30 Trend=50 News=85 Broker=90 | MaxLotReduction=50%",PENDING_ONLY
2026-07-30T09:11:07.439Z,23,"Asian Session",60.33,CAUTION,REDUCE_LOT,0.5,0.25,2662.2,2673.5,2658,5.5,5,0.0161,"MaxLotReduction=50%","ExecConf=60 Band=CAUTION Spread=80 Vol=30 Trend=50 News=85 Broker=90 | MaxLotReduction=50%",PENDING_ONLY
2026-07-30T09:11:07.439Z,24,"Asian Session",60.33,CAUTION,REDUCE_LOT,0.5,0.25,2663.9,2674,2658.5,5.5,6,0.0161,"MaxLotReduction=50%","ExecConf=60 Band=CAUTION Spread=80 Vol=30 Trend=50 News=85 Broker=90 | MaxLotReduction=50%",PENDING_ONLY
2026-07-30T09:11:07.439Z,25,"Asian Session",60.33,CAUTION,REDUCE_LOT,0.5,0.25,2662,2674.5,2659,5.5,1,0.0166,"MaxLotReduction=50%","ExecConf=60 Band=CAUTION Spread=80 Vol=30 Trend=50 News=85 Broker=90 | MaxLotReduction=50%",PENDING_ONLY
2026-07-30T09:11:07.439Z,26,"Asian Session",60.33,CAUTION,REDUCE_LOT,0.5,0.25,2663.7,2675,2659.5,5.5,2,0.0168,"MaxLotReduction=50%","ExecConf=60 Band=CAUTION Spread=80 Vol=30 Trend=50 News=85 Broker=90 | MaxLotReduction=50%",PENDING_ONLY
2026-07-30T09:11:07.439Z,27,"Asian Session",60.33,CAUTION,REDUCE_LOT,0.5,0.25,2665.4,2675.5,2660,5.5,3,0.0154,"MaxLotReduction=50%","ExecConf=60 Band=CAUTION Spread=80 Vol=30 Trend=50 News=85 Broker=90 | MaxLotReduction=50%",PENDING_ONLY
2026-07-30T09:11:07.439Z,28,"Asian Session",60.33,CAUTION,REDUCE_LOT,0.5,0.25,2663.5,2676,2660.5,5.5,4,0.0161,"MaxLotReduction=50%","ExecConf=60 Band=CAUTION Spread=80 Vol=30 Trend=50 News=85 Broker=90 | MaxLotReduction=50%",PENDING_ONLY
2026-07-30T09:11:07.439Z,29,"Asian Session",60.33,CAUTION,REDUCE_LOT,0.5,0.25,2665.2,2676.5,2661,5.5,5,0.0166,"MaxLotReduction=50%","ExecConf=60 Band=CAUTION Spread=80 Vol=30 Trend=50 News=85 Broker=90 | MaxLotReduction=50%",PENDING_ONLY
2026-07-30T09:11:07.439Z,30,"Asian Session",60.33,CAUTION,REDUCE_LOT,0.5,0.25,2666.9,2677,2661.5,5.5,6,0.0172,"MaxLotReduction=50%","ExecConf=60 Band=CAUTION Spread=80 Vol=30 Trend=50 News=85 Broker=90 | MaxLotReduction=50%",PENDING_ONLY
2026-07-30T09:11:07.439Z,31,"Asian Session",60.33,CAUTION,REDUCE_LOT,0.5,0.25,2665,2677.5,2662,5.5,1,0.0160,"MaxLotReduction=50%","ExecConf=60 Band=CAUTION Spread=80 Vol=30 Trend=50 News=85 Broker=90 | MaxLotReduction=50%",PENDING_ONLY
2026-07-30T09:11:07.439Z,32,"Asian Session",60.33,CAUTION,REDUCE_LOT,0.5,0.25,2666.7,2678,2662.5,5.5,2,0.0157,"MaxLotReduction=50%","ExecConf=60 Band=CAUTION Spread=80 Vol=30 Trend=50 News=85 Broker=90 | MaxLotReduction=50%",PENDING_ONLY
2026-07-30T09:11:07.439Z,33,"Asian Session",60.33,CAUTION,REDUCE_LOT,0.5,0.25,2668.4,2678.5,2663,5.5,3,0.0161,"MaxLotReduction=50%","ExecConf=60 Band=CAUTION Spread=80 Vol=30 Trend=50 News=85 Broker=90 | MaxLotReduction=50%",PENDING_ONLY
2026-07-30T09:11:07.439Z,34,"Asian Session",60.33,CAUTION,REDUCE_LOT,0.5,0.25,2666.5,2679,2663.5,5.5,4,0.0133,"MaxLotReduction=50%","ExecConf=60 Band=CAUTION Spread=80 Vol=30 Trend=50 News=85 Broker=90 | MaxLotReduction=50%",PENDING_ONLY
2026-07-30T09:11:07.439Z,35,"Asian Session",60.33,CAUTION,REDUCE_LOT,0.5,0.25,2668.2,2679.5,2664,5.5,5,0.0160,"MaxLotReduction=50%","ExecConf=60 Band=CAUTION Spread=80 Vol=30 Trend=50 News=85 Broker=90 | MaxLotReduction=50%",PENDING_ONLY
2026-07-30T09:11:07.439Z,36,"Asian Session",60.33,CAUTION,REDUCE_LOT,0.5,0.25,2669.9,2680,2664.5,5.5,6,0.0171,"MaxLotReduction=50%","ExecConf=60 Band=CAUTION Spread=80 Vol=30 Trend=50 News=85 Broker=90 | MaxLotReduction=50%",PENDING_ONLY
2026-07-30T09:11:07.439Z,37,"Asian Session",60.33,CAUTION,REDUCE_LOT,0.5,0.25,2668,2680.5,2665,5.5,1,0.0166,"MaxLotReduction=50%","ExecConf=60 Band=CAUTION Spread=80 Vol=30 Trend=50 News=85 Broker=90 | MaxLotReduction=50%",PENDING_ONLY
2026-07-30T09:11:07.439Z,38,"Asian Session",60.33,CAUTION,REDUCE_LOT,0.5,0.25,2669.7,2681,2665.5,5.5,2,0.0160,"MaxLotReduction=50%","ExecConf=60 Band=CAUTION Spread=80 Vol=30 Trend=50 News=85 Broker=90 | MaxLotReduction=50%",PENDING_ONLY
2026-07-30T09:11:07.439Z,39,"Asian Session",60.33,CAUTION,REDUCE_LOT,0.5,0.25,2671.4,2681.5,2666,5.5,3,0.0155,"MaxLotReduction=50%","ExecConf=60 Band=CAUTION Spread=80 Vol=30 Trend=50 News=85 Broker=90 | MaxLotReduction=50%",PENDING_ONLY
2026-07-30T09:11:07.440Z,40,"Asian Session",60.33,CAUTION,REDUCE_LOT,0.5,0.25,2669.5,2682,2666.5,5.5,4,0.0158,"MaxLotReduction=50%","ExecConf=60 Band=CAUTION Spread=80 Vol=30 Trend=50 News=85 Broker=90 | MaxLotReduction=50%",PENDING_ONLY
2026-07-30T09:11:07.440Z,41,"Asian Session",60.33,CAUTION,REDUCE_LOT,0.5,0.25,2671.2,2682.5,2667,5.5,5,0.0159,"MaxLotReduction=50%","ExecConf=60 Band=CAUTION Spread=80 Vol=30 Trend=50 News=85 Broker=90 | MaxLotReduction=50%",PENDING_ONLY
2026-07-30T09:11:07.440Z,42,"Asian Session",60.33,CAUTION,REDUCE_LOT,0.5,0.25,2672.9,2683,2667.5,5.5,6,0.0159,"MaxLotReduction=50%","ExecConf=60 Band=CAUTION Spread=80 Vol=30 Trend=50 News=85 Broker=90 | MaxLotReduction=50%",PENDING_ONLY
2026-07-30T09:11:07.440Z,43,"Asian Session",60.33,CAUTION,REDUCE_LOT,0.5,0.25,2671,2683.5,2668,5.5,1,0.0155,"MaxLotReduction=50%","ExecConf=60 Band=CAUTION Spread=80 Vol=30 Trend=50 News=85 Broker=90 | MaxLotReduction=50%",PENDING_ONLY
2026-07-30T09:11:07.440Z,44,"Asian Session",60.33,CAUTION,REDUCE_LOT,0.5,0.25,2672.7,2684,2668.5,5.5,2,0.0134,"MaxLotReduction=50%","ExecConf=60 Band=CAUTION Spread=80 Vol=30 Trend=50 News=85 Broker=90 | MaxLotReduction=50%",PENDING_ONLY
2026-07-30T09:11:07.440Z,45,"Asian Session",60.33,CAUTION,REDUCE_LOT,0.5,0.25,2674.4,2684.5,2669,5.5,3,0.0159,"MaxLotReduction=50%","ExecConf=60 Band=CAUTION Spread=80 Vol=30 Trend=50 News=85 Broker=90 | MaxLotReduction=50%",PENDING_ONLY
2026-07-30T09:11:07.440Z,46,"Asian Session",60.33,CAUTION,REDUCE_LOT,0.5,0.25,2672.5,2685,2669.5,5.5,4,0.0159,"MaxLotReduction=50%","ExecConf=60 Band=CAUTION Spread=80 Vol=30 Trend=50 News=85 Broker=90 | MaxLotReduction=50%",PENDING_ONLY
2026-07-30T09:11:07.440Z,47,"Asian Session",60.33,CAUTION,REDUCE_LOT,0.5,0.25,2674.2,2685.5,2670,5.5,5,0.0159,"MaxLotReduction=50%","ExecConf=60 Band=CAUTION Spread=80 Vol=30 Trend=50 News=85 Broker=90 | MaxLotReduction=50%",PENDING_ONLY
2026-07-30T09:11:07.440Z,48,"Asian Session",60.33,CAUTION,REDUCE_LOT,0.5,0.25,2675.9,2686,2670.5,5.5,6,0.0167,"MaxLotReduction=50%","ExecConf=60 Band=CAUTION Spread=80 Vol=30 Trend=50 News=85 Broker=90 | MaxLotReduction=50%",PENDING_ONLY
2026-07-30T09:11:07.440Z,49,"Asian Session",60.33,CAUTION,REDUCE_LOT,0.5,0.25,2674,2686.5,2671,5.5,1,0.0166,"MaxLotReduction=50%","ExecConf=60 Band=CAUTION Spread=80 Vol=30 Trend=50 News=85 Broker=90 | MaxLotReduction=50%",PENDING_ONLY
2026-07-30T09:11:07.440Z,50,"Asian Session",60.33,CAUTION,REDUCE_LOT,0.5,0.25,2675.7,2687,2671.5,5.5,2,0.0163,"MaxLotReduction=50%","ExecConf=60 Band=CAUTION Spread=80 Vol=30 Trend=50 News=85 Broker=90 | MaxLotReduction=50%",PENDING_ONLY
2026-07-30T09:11:07.440Z,1,"NFP",60.77,CAUTION,REDUCE_LOT,0.5,0.25,2650,2662.5,2647,35,1,0.0134,"MaxLotReduction=50%","ExecConf=61 Band=CAUTION Spread=35 Vol=95 Trend=60 News=15 Broker=55 | MaxLotReduction=50%",PENDING_ONLY
2026-07-30T09:11:07.440Z,2,"NFP",60.77,CAUTION,REDUCE_LOT,0.5,0.25,2651.7,2663,2647.5,35,2,0.0160,"MaxLotReduction=50%","ExecConf=61 Band=CAUTION Spread=35 Vol=95 Trend=60 News=15 Broker=55 | MaxLotReduction=50%",PENDING_ONLY
2026-07-30T09:11:07.440Z,3,"NFP",60.77,CAUTION,REDUCE_LOT,0.5,0.25,2653.4,2663.5,2648,35,3,0.0185,"MaxLotReduction=50%","ExecConf=61 Band=CAUTION Spread=35 Vol=95 Trend=60 News=15 Broker=55 | MaxLotReduction=50%",PENDING_ONLY
2026-07-30T09:11:07.440Z,4,"NFP",60.77,CAUTION,REDUCE_LOT,0.5,0.25,2651.5,2664,2648.5,35,4,0.0151,"MaxLotReduction=50%","ExecConf=61 Band=CAUTION Spread=35 Vol=95 Trend=60 News=15 Broker=55 | MaxLotReduction=50%",PENDING_ONLY
2026-07-30T09:11:07.440Z,5,"NFP",60.77,CAUTION,REDUCE_LOT,0.5,0.25,2653.2,2664.5,2649,35,5,0.0151,"MaxLotReduction=50%","ExecConf=61 Band=CAUTION Spread=35 Vol=95 Trend=60 News=15 Broker=55 | MaxLotReduction=50%",PENDING_ONLY
2026-07-30T09:11:07.440Z,6,"NFP",60.77,CAUTION,REDUCE_LOT,0.5,0.25,2654.9,2665,2649.5,35,6,0.0151,"MaxLotReduction=50%","ExecConf=61 Band=CAUTION Spread=35 Vol=95 Trend=60 News=15 Broker=55 | MaxLotReduction=50%",PENDING_ONLY
2026-07-30T09:11:07.440Z,7,"NFP",60.77,CAUTION,REDUCE_LOT,0.5,0.25,2653,2665.5,2650,35,1,0.0150,"MaxLotReduction=50%","ExecConf=61 Band=CAUTION Spread=35 Vol=95 Trend=60 News=15 Broker=55 | MaxLotReduction=50%",PENDING_ONLY
2026-07-30T09:11:07.440Z,8,"NFP",60.77,CAUTION,REDUCE_LOT,0.5,0.25,2654.7,2666,2650.5,35,2,0.0149,"MaxLotReduction=50%","ExecConf=61 Band=CAUTION Spread=35 Vol=95 Trend=60 News=15 Broker=55 | MaxLotReduction=50%",PENDING_ONLY
2026-07-30T09:11:07.440Z,9,"NFP",60.77,CAUTION,REDUCE_LOT,0.5,0.25,2656.4,2666.5,2651,35,3,0.0152,"MaxLotReduction=50%","ExecConf=61 Band=CAUTION Spread=35 Vol=95 Trend=60 News=15 Broker=55 | MaxLotReduction=50%",PENDING_ONLY
2026-07-30T09:11:07.441Z,10,"NFP",60.77,CAUTION,REDUCE_LOT,0.5,0.25,2654.5,2667,2651.5,35,4,0.0178,"MaxLotReduction=50%","ExecConf=61 Band=CAUTION Spread=35 Vol=95 Trend=60 News=15 Broker=55 | MaxLotReduction=50%",PENDING_ONLY
2026-07-30T09:11:07.441Z,11,"NFP",60.77,CAUTION,REDUCE_LOT,0.5,0.25,2656.2,2667.5,2652,35,5,0.0158,"MaxLotReduction=50%","ExecConf=61 Band=CAUTION Spread=35 Vol=95 Trend=60 News=15 Broker=55 | MaxLotReduction=50%",PENDING_ONLY
2026-07-30T09:11:07.441Z,12,"NFP",60.77,CAUTION,REDUCE_LOT,0.5,0.25,2657.9,2668,2652.5,35,6,0.0167,"MaxLotReduction=50%","ExecConf=61 Band=CAUTION Spread=35 Vol=95 Trend=60 News=15 Broker=55 | MaxLotReduction=50%",PENDING_ONLY
2026-07-30T09:11:07.441Z,13,"NFP",60.77,CAUTION,REDUCE_LOT,0.5,0.25,2656,2668.5,2653,35,1,0.0164,"MaxLotReduction=50%","ExecConf=61 Band=CAUTION Spread=35 Vol=95 Trend=60 News=15 Broker=55 | MaxLotReduction=50%",PENDING_ONLY
2026-07-30T09:11:07.441Z,14,"NFP",60.77,CAUTION,REDUCE_LOT,0.5,0.25,2657.7,2669,2653.5,35,2,0.0140,"MaxLotReduction=50%","ExecConf=61 Band=CAUTION Spread=35 Vol=95 Trend=60 News=15 Broker=55 | MaxLotReduction=50%",PENDING_ONLY
2026-07-30T09:11:07.441Z,15,"NFP",60.77,CAUTION,REDUCE_LOT,0.5,0.25,2659.4,2669.5,2654,35,3,0.0161,"MaxLotReduction=50%","ExecConf=61 Band=CAUTION Spread=35 Vol=95 Trend=60 News=15 Broker=55 | MaxLotReduction=50%",PENDING_ONLY
2026-07-30T09:11:07.441Z,16,"NFP",60.77,CAUTION,REDUCE_LOT,0.5,0.25,2657.5,2670,2654.5,35,4,0.0147,"MaxLotReduction=50%","ExecConf=61 Band=CAUTION Spread=35 Vol=95 Trend=60 News=15 Broker=55 | MaxLotReduction=50%",PENDING_ONLY
2026-07-30T09:11:07.441Z,17,"NFP",60.77,CAUTION,REDUCE_LOT,0.5,0.25,2659.2,2670.5,2655,35,5,0.0148,"MaxLotReduction=50%","ExecConf=61 Band=CAUTION Spread=35 Vol=95 Trend=60 News=15 Broker=55 | MaxLotReduction=50%",PENDING_ONLY
2026-07-30T09:11:07.441Z,18,"NFP",60.77,CAUTION,REDUCE_LOT,0.5,0.25,2660.9,2671,2655.5,35,6,0.0149,"MaxLotReduction=50%","ExecConf=61 Band=CAUTION Spread=35 Vol=95 Trend=60 News=15 Broker=55 | MaxLotReduction=50%",PENDING_ONLY
2026-07-30T09:11:07.441Z,19,"NFP",60.77,CAUTION,REDUCE_LOT,0.5,0.25,2659,2671.5,2656,35,1,0.0143,"MaxLotReduction=50%","ExecConf=61 Band=CAUTION Spread=35 Vol=95 Trend=60 News=15 Broker=55 | MaxLotReduction=50%",PENDING_ONLY
2026-07-30T09:11:07.441Z,20,"NFP",60.77,CAUTION,REDUCE_LOT,0.5,0.25,2660.7,2672,2656.5,35,2,0.0164,"MaxLotReduction=50%","ExecConf=61 Band=CAUTION Spread=35 Vol=95 Trend=60 News=15 Broker=55 | MaxLotReduction=50%",PENDING_ONLY
2026-07-30T09:11:07.441Z,21,"NFP",60.77,CAUTION,REDUCE_LOT,0.5,0.25,2662.4,2672.5,2657,35,3,0.0159,"MaxLotReduction=50%","ExecConf=61 Band=CAUTION Spread=35 Vol=95 Trend=60 News=15 Broker=55 | MaxLotReduction=50%",PENDING_ONLY
2026-07-30T09:11:07.441Z,22,"NFP",60.77,CAUTION,REDUCE_LOT,0.5,0.25,2660.5,2673,2657.5,35,4,0.0159,"MaxLotReduction=50%","ExecConf=61 Band=CAUTION Spread=35 Vol=95 Trend=60 News=15 Broker=55 | MaxLotReduction=50%",PENDING_ONLY
2026-07-30T09:11:07.441Z,23,"NFP",60.77,CAUTION,REDUCE_LOT,0.5,0.25,2662.2,2673.5,2658,35,5,0.0162,"MaxLotReduction=50%","ExecConf=61 Band=CAUTION Spread=35 Vol=95 Trend=60 News=15 Broker=55 | MaxLotReduction=50%",PENDING_ONLY
2026-07-30T09:11:07.441Z,24,"NFP",60.77,CAUTION,REDUCE_LOT,0.5,0.25,2663.9,2674,2658.5,35,6,0.0164,"MaxLotReduction=50%","ExecConf=61 Band=CAUTION Spread=35 Vol=95 Trend=60 News=15 Broker=55 | MaxLotReduction=50%",PENDING_ONLY
2026-07-30T09:11:07.441Z,25,"NFP",60.77,CAUTION,REDUCE_LOT,0.5,0.25,2662,2674.5,2659,35,1,0.0160,"MaxLotReduction=50%","ExecConf=61 Band=CAUTION Spread=35 Vol=95 Trend=60 News=15 Broker=55 | MaxLotReduction=50%",PENDING_ONLY
2026-07-30T09:11:07.441Z,26,"NFP",60.77,CAUTION,REDUCE_LOT,0.5,0.25,2663.7,2675,2659.5,35,2,0.0150,"MaxLotReduction=50%","ExecConf=61 Band=CAUTION Spread=35 Vol=95 Trend=60 News=15 Broker=55 | MaxLotReduction=50%",PENDING_ONLY
2026-07-30T09:11:07.441Z,27,"NFP",60.77,CAUTION,REDUCE_LOT,0.5,0.25,2665.4,2675.5,2660,35,3,0.0164,"MaxLotReduction=50%","ExecConf=61 Band=CAUTION Spread=35 Vol=95 Trend=60 News=15 Broker=55 | MaxLotReduction=50%",PENDING_ONLY
2026-07-30T09:11:07.441Z,28,"NFP",60.77,CAUTION,REDUCE_LOT,0.5,0.25,2663.5,2676,2660.5,35,4,0.0169,"MaxLotReduction=50%","ExecConf=61 Band=CAUTION Spread=35 Vol=95 Trend=60 News=15 Broker=55 | MaxLotReduction=50%",PENDING_ONLY
2026-07-30T09:11:07.441Z,29,"NFP",60.77,CAUTION,REDUCE_LOT,0.5,0.25,2665.2,2676.5,2661,35,5,0.0154,"MaxLotReduction=50%","ExecConf=61 Band=CAUTION Spread=35 Vol=95 Trend=60 News=15 Broker=55 | MaxLotReduction=50%",PENDING_ONLY
2026-07-30T09:11:07.441Z,30,"NFP",60.77,CAUTION,REDUCE_LOT,0.5,0.25,2666.9,2677,2661.5,35,6,0.0160,"MaxLotReduction=50%","ExecConf=61 Band=CAUTION Spread=35 Vol=95 Trend=60 News=15 Broker=55 | MaxLotReduction=50%",PENDING_ONLY
2026-07-30T09:11:07.441Z,31,"NFP",60.77,CAUTION,REDUCE_LOT,0.5,0.25,2665,2677.5,2662,35,1,0.0149,"MaxLotReduction=50%","ExecConf=61 Band=CAUTION Spread=35 Vol=95 Trend=60 News=15 Broker=55 | MaxLotReduction=50%",PENDING_ONLY
2026-07-30T09:11:07.442Z,32,"NFP",60.77,CAUTION,REDUCE_LOT,0.5,0.25,2666.7,2678,2662.5,35,2,0.0155,"MaxLotReduction=50%","ExecConf=61 Band=CAUTION Spread=35 Vol=95 Trend=60 News=15 Broker=55 | MaxLotReduction=50%",PENDING_ONLY
2026-07-30T09:11:07.442Z,33,"NFP",60.77,CAUTION,REDUCE_LOT,0.5,0.25,2668.4,2678.5,2663,35,3,0.0143,"MaxLotReduction=50%","ExecConf=61 Band=CAUTION Spread=35 Vol=95 Trend=60 News=15 Broker=55 | MaxLotReduction=50%",PENDING_ONLY
2026-07-30T09:11:07.442Z,34,"NFP",60.77,CAUTION,REDUCE_LOT,0.5,0.25,2666.5,2679,2663.5,35,4,0.0145,"MaxLotReduction=50%","ExecConf=61 Band=CAUTION Spread=35 Vol=95 Trend=60 News=15 Broker=55 | MaxLotReduction=50%",PENDING_ONLY
2026-07-30T09:11:07.442Z,35,"NFP",60.77,CAUTION,REDUCE_LOT,0.5,0.25,2668.2,2679.5,2664,35,5,0.0156,"MaxLotReduction=50%","ExecConf=61 Band=CAUTION Spread=35 Vol=95 Trend=60 News=15 Broker=55 | MaxLotReduction=50%",PENDING_ONLY
2026-07-30T09:11:07.442Z,36,"NFP",60.77,CAUTION,REDUCE_LOT,0.5,0.25,2669.9,2680,2664.5,35,6,0.0156,"MaxLotReduction=50%","ExecConf=61 Band=CAUTION Spread=35 Vol=95 Trend=60 News=15 Broker=55 | MaxLotReduction=50%",PENDING_ONLY
2026-07-30T09:11:07.442Z,37,"NFP",60.77,CAUTION,REDUCE_LOT,0.5,0.25,2668,2680.5,2665,35,1,0.0157,"MaxLotReduction=50%","ExecConf=61 Band=CAUTION Spread=35 Vol=95 Trend=60 News=15 Broker=55 | MaxLotReduction=50%",PENDING_ONLY
2026-07-30T09:11:07.442Z,38,"NFP",60.77,CAUTION,REDUCE_LOT,0.5,0.25,2669.7,2681,2665.5,35,2,0.0135,"MaxLotReduction=50%","ExecConf=61 Band=CAUTION Spread=35 Vol=95 Trend=60 News=15 Broker=55 | MaxLotReduction=50%",PENDING_ONLY
2026-07-30T09:11:07.442Z,39,"NFP",60.77,CAUTION,REDUCE_LOT,0.5,0.25,2671.4,2681.5,2666,35,3,0.0158,"MaxLotReduction=50%","ExecConf=61 Band=CAUTION Spread=35 Vol=95 Trend=60 News=15 Broker=55 | MaxLotReduction=50%",PENDING_ONLY
2026-07-30T09:11:07.442Z,40,"NFP",60.77,CAUTION,REDUCE_LOT,0.5,0.25,2669.5,2682,2666.5,35,4,0.0169,"MaxLotReduction=50%","ExecConf=61 Band=CAUTION Spread=35 Vol=95 Trend=60 News=15 Broker=55 | MaxLotReduction=50%",PENDING_ONLY
2026-07-30T09:11:07.442Z,41,"NFP",60.77,CAUTION,REDUCE_LOT,0.5,0.25,2671.2,2682.5,2667,35,5,0.0167,"MaxLotReduction=50%","ExecConf=61 Band=CAUTION Spread=35 Vol=95 Trend=60 News=15 Broker=55 | MaxLotReduction=50%",PENDING_ONLY
2026-07-30T09:11:07.442Z,42,"NFP",60.77,CAUTION,REDUCE_LOT,0.5,0.25,2672.9,2683,2667.5,35,6,0.0161,"MaxLotReduction=50%","ExecConf=61 Band=CAUTION Spread=35 Vol=95 Trend=60 News=15 Broker=55 | MaxLotReduction=50%",PENDING_ONLY
2026-07-30T09:11:07.442Z,43,"NFP",60.77,CAUTION,REDUCE_LOT,0.5,0.25,2671,2683.5,2668,35,1,0.0160,"MaxLotReduction=50%","ExecConf=61 Band=CAUTION Spread=35 Vol=95 Trend=60 News=15 Broker=55 | MaxLotReduction=50%",PENDING_ONLY
2026-07-30T09:11:07.442Z,44,"NFP",60.77,CAUTION,REDUCE_LOT,0.5,0.25,2672.7,2684,2668.5,35,2,0.0175,"MaxLotReduction=50%","ExecConf=61 Band=CAUTION Spread=35 Vol=95 Trend=60 News=15 Broker=55 | MaxLotReduction=50%",PENDING_ONLY
2026-07-30T09:11:07.442Z,45,"NFP",60.77,CAUTION,REDUCE_LOT,0.5,0.25,2674.4,2684.5,2669,35,3,0.0166,"MaxLotReduction=50%","ExecConf=61 Band=CAUTION Spread=35 Vol=95 Trend=60 News=15 Broker=55 | MaxLotReduction=50%",PENDING_ONLY
2026-07-30T09:11:07.442Z,46,"NFP",60.77,CAUTION,REDUCE_LOT,0.5,0.25,2672.5,2685,2669.5,35,4,0.0153,"MaxLotReduction=50%","ExecConf=61 Band=CAUTION Spread=35 Vol=95 Trend=60 News=15 Broker=55 | MaxLotReduction=50%",PENDING_ONLY
2026-07-30T09:11:07.442Z,47,"NFP",60.77,CAUTION,REDUCE_LOT,0.5,0.25,2674.2,2685.5,2670,35,5,0.0150,"MaxLotReduction=50%","ExecConf=61 Band=CAUTION Spread=35 Vol=95 Trend=60 News=15 Broker=55 | MaxLotReduction=50%",PENDING_ONLY
2026-07-30T09:11:07.442Z,48,"NFP",60.77,CAUTION,REDUCE_LOT,0.5,0.25,2675.9,2686,2670.5,35,6,0.0153,"MaxLotReduction=50%","ExecConf=61 Band=CAUTION Spread=35 Vol=95 Trend=60 News=15 Broker=55 | MaxLotReduction=50%",PENDING_ONLY
2026-07-30T09:11:07.442Z,49,"NFP",60.77,CAUTION,REDUCE_LOT,0.5,0.25,2674,2686.5,2671,35,1,0.0161,"MaxLotReduction=50%","ExecConf=61 Band=CAUTION Spread=35 Vol=95 Trend=60 News=15 Broker=55 | MaxLotReduction=50%",PENDING_ONLY
2026-07-30T09:11:07.442Z,50,"NFP",60.77,CAUTION,REDUCE_LOT,0.5,0.25,2675.7,2687,2671.5,35,2,0.0156,"MaxLotReduction=50%","ExecConf=61 Band=CAUTION Spread=35 Vol=95 Trend=60 News=15 Broker=55 | MaxLotReduction=50%",PENDING_ONLY
2026-07-30T09:11:07.442Z,1,"CPI",60.94,CAUTION,REDUCE_LOT,0.5,0.25,2650,2662.5,2647,30,1,0.0163,"MaxLotReduction=50%","ExecConf=61 Band=CAUTION Spread=38 Vol=90 Trend=58 News=18 Broker=58 | MaxLotReduction=50%",PENDING_ONLY
2026-07-30T09:11:07.443Z,2,"CPI",60.94,CAUTION,REDUCE_LOT,0.5,0.25,2651.7,2663,2647.5,30,2,0.0177,"MaxLotReduction=50%","ExecConf=61 Band=CAUTION Spread=38 Vol=90 Trend=58 News=18 Broker=58 | MaxLotReduction=50%",PENDING_ONLY
2026-07-30T09:11:07.443Z,3,"CPI",60.94,CAUTION,REDUCE_LOT,0.5,0.25,2653.4,2663.5,2648,30,3,0.0166,"MaxLotReduction=50%","ExecConf=61 Band=CAUTION Spread=38 Vol=90 Trend=58 News=18 Broker=58 | MaxLotReduction=50%",PENDING_ONLY
2026-07-30T09:11:07.443Z,4,"CPI",60.94,CAUTION,REDUCE_LOT,0.5,0.25,2651.5,2664,2648.5,30,4,0.0162,"MaxLotReduction=50%","ExecConf=61 Band=CAUTION Spread=38 Vol=90 Trend=58 News=18 Broker=58 | MaxLotReduction=50%",PENDING_ONLY
2026-07-30T09:11:07.443Z,5,"CPI",60.94,CAUTION,REDUCE_LOT,0.5,0.25,2653.2,2664.5,2649,30,5,0.0167,"MaxLotReduction=50%","ExecConf=61 Band=CAUTION Spread=38 Vol=90 Trend=58 News=18 Broker=58 | MaxLotReduction=50%",PENDING_ONLY
2026-07-30T09:11:07.443Z,6,"CPI",60.94,CAUTION,REDUCE_LOT,0.5,0.25,2654.9,2665,2649.5,30,6,0.0168,"MaxLotReduction=50%","ExecConf=61 Band=CAUTION Spread=38 Vol=90 Trend=58 News=18 Broker=58 | MaxLotReduction=50%",PENDING_ONLY
2026-07-30T09:11:07.443Z,7,"CPI",60.94,CAUTION,REDUCE_LOT,0.5,0.25,2653,2665.5,2650,30,1,0.0170,"MaxLotReduction=50%","ExecConf=61 Band=CAUTION Spread=38 Vol=90 Trend=58 News=18 Broker=58 | MaxLotReduction=50%",PENDING_ONLY
2026-07-30T09:11:07.443Z,8,"CPI",60.94,CAUTION,REDUCE_LOT,0.5,0.25,2654.7,2666,2650.5,30,2,0.0167,"MaxLotReduction=50%","ExecConf=61 Band=CAUTION Spread=38 Vol=90 Trend=58 News=18 Broker=58 | MaxLotReduction=50%",PENDING_ONLY
2026-07-30T09:11:07.443Z,9,"CPI",60.94,CAUTION,REDUCE_LOT,0.5,0.25,2656.4,2666.5,2651,30,3,0.0168,"MaxLotReduction=50%","ExecConf=61 Band=CAUTION Spread=38 Vol=90 Trend=58 News=18 Broker=58 | MaxLotReduction=50%",PENDING_ONLY
2026-07-30T09:11:07.443Z,10,"CPI",60.94,CAUTION,REDUCE_LOT,0.5,0.25,2654.5,2667,2651.5,30,4,0.0166,"MaxLotReduction=50%","ExecConf=61 Band=CAUTION Spread=38 Vol=90 Trend=58 News=18 Broker=58 | MaxLotReduction=50%",PENDING_ONLY
2026-07-30T09:11:07.443Z,11,"CPI",60.94,CAUTION,REDUCE_LOT,0.5,0.25,2656.2,2667.5,2652,30,5,0.0175,"MaxLotReduction=50%","ExecConf=61 Band=CAUTION Spread=38 Vol=90 Trend=58 News=18 Broker=58 | MaxLotReduction=50%",PENDING_ONLY
2026-07-30T09:11:07.443Z,12,"CPI",60.94,CAUTION,REDUCE_LOT,0.5,0.25,2657.9,2668,2652.5,30,6,0.0163,"MaxLotReduction=50%","ExecConf=61 Band=CAUTION Spread=38 Vol=90 Trend=58 News=18 Broker=58 | MaxLotReduction=50%",PENDING_ONLY
2026-07-30T09:11:07.443Z,13,"CPI",60.94,CAUTION,REDUCE_LOT,0.5,0.25,2656,2668.5,2653,30,1,0.0164,"MaxLotReduction=50%","ExecConf=61 Band=CAUTION Spread=38 Vol=90 Trend=58 News=18 Broker=58 | MaxLotReduction=50%",PENDING_ONLY
2026-07-30T09:11:07.443Z,14,"CPI",60.94,CAUTION,REDUCE_LOT,0.5,0.25,2657.7,2669,2653.5,30,2,0.0162,"MaxLotReduction=50%","ExecConf=61 Band=CAUTION Spread=38 Vol=90 Trend=58 News=18 Broker=58 | MaxLotReduction=50%",PENDING_ONLY
2026-07-30T09:11:07.443Z,15,"CPI",60.94,CAUTION,REDUCE_LOT,0.5,0.25,2659.4,2669.5,2654,30,3,0.0163,"MaxLotReduction=50%","ExecConf=61 Band=CAUTION Spread=38 Vol=90 Trend=58 News=18 Broker=58 | MaxLotReduction=50%",PENDING_ONLY
2026-07-30T09:11:07.443Z,16,"CPI",60.94,CAUTION,REDUCE_LOT,0.5,0.25,2657.5,2670,2654.5,30,4,0.0160,"MaxLotReduction=50%","ExecConf=61 Band=CAUTION Spread=38 Vol=90 Trend=58 News=18 Broker=58 | MaxLotReduction=50%",PENDING_ONLY
2026-07-30T09:11:07.443Z,17,"CPI",60.94,CAUTION,REDUCE_LOT,0.5,0.25,2659.2,2670.5,2655,30,5,0.0161,"MaxLotReduction=50%","ExecConf=61 Band=CAUTION Spread=38 Vol=90 Trend=58 News=18 Broker=58 | MaxLotReduction=50%",PENDING_ONLY
2026-07-30T09:11:07.443Z,18,"CPI",60.94,CAUTION,REDUCE_LOT,0.5,0.25,2660.9,2671,2655.5,30,6,0.0157,"MaxLotReduction=50%","ExecConf=61 Band=CAUTION Spread=38 Vol=90 Trend=58 News=18 Broker=58 | MaxLotReduction=50%",PENDING_ONLY
2026-07-30T09:11:07.443Z,19,"CPI",60.94,CAUTION,REDUCE_LOT,0.5,0.25,2659,2671.5,2656,30,1,0.0162,"MaxLotReduction=50%","ExecConf=61 Band=CAUTION Spread=38 Vol=90 Trend=58 News=18 Broker=58 | MaxLotReduction=50%",PENDING_ONLY
2026-07-30T09:11:07.443Z,20,"CPI",60.94,CAUTION,REDUCE_LOT,0.5,0.25,2660.7,2672,2656.5,30,2,0.0165,"MaxLotReduction=50%","ExecConf=61 Band=CAUTION Spread=38 Vol=90 Trend=58 News=18 Broker=58 | MaxLotReduction=50%",PENDING_ONLY
2026-07-30T09:11:07.443Z,21,"CPI",60.94,CAUTION,REDUCE_LOT,0.5,0.25,2662.4,2672.5,2657,30,3,0.0158,"MaxLotReduction=50%","ExecConf=61 Band=CAUTION Spread=38 Vol=90 Trend=58 News=18 Broker=58 | MaxLotReduction=50%",PENDING_ONLY
2026-07-30T09:11:07.444Z,22,"CPI",60.94,CAUTION,REDUCE_LOT,0.5,0.25,2660.5,2673,2657.5,30,4,0.0173,"MaxLotReduction=50%","ExecConf=61 Band=CAUTION Spread=38 Vol=90 Trend=58 News=18 Broker=58 | MaxLotReduction=50%",PENDING_ONLY
2026-07-30T09:11:07.444Z,23,"CPI",60.94,CAUTION,REDUCE_LOT,0.5,0.25,2662.2,2673.5,2658,30,5,0.0163,"MaxLotReduction=50%","ExecConf=61 Band=CAUTION Spread=38 Vol=90 Trend=58 News=18 Broker=58 | MaxLotReduction=50%",PENDING_ONLY
2026-07-30T09:11:07.444Z,24,"CPI",60.94,CAUTION,REDUCE_LOT,0.5,0.25,2663.9,2674,2658.5,30,6,0.0161,"MaxLotReduction=50%","ExecConf=61 Band=CAUTION Spread=38 Vol=90 Trend=58 News=18 Broker=58 | MaxLotReduction=50%",PENDING_ONLY
2026-07-30T09:11:07.444Z,25,"CPI",60.94,CAUTION,REDUCE_LOT,0.5,0.25,2662,2674.5,2659,30,1,0.0160,"MaxLotReduction=50%","ExecConf=61 Band=CAUTION Spread=38 Vol=90 Trend=58 News=18 Broker=58 | MaxLotReduction=50%",PENDING_ONLY
2026-07-30T09:11:07.444Z,26,"CPI",60.94,CAUTION,REDUCE_LOT,0.5,0.25,2663.7,2675,2659.5,30,2,0.0152,"MaxLotReduction=50%","ExecConf=61 Band=CAUTION Spread=38 Vol=90 Trend=58 News=18 Broker=58 | MaxLotReduction=50%",PENDING_ONLY
2026-07-30T09:11:07.444Z,27,"CPI",60.94,CAUTION,REDUCE_LOT,0.5,0.25,2665.4,2675.5,2660,30,3,0.0162,"MaxLotReduction=50%","ExecConf=61 Band=CAUTION Spread=38 Vol=90 Trend=58 News=18 Broker=58 | MaxLotReduction=50%",PENDING_ONLY
2026-07-30T09:11:07.444Z,28,"CPI",60.94,CAUTION,REDUCE_LOT,0.5,0.25,2663.5,2676,2660.5,30,4,0.0160,"MaxLotReduction=50%","ExecConf=61 Band=CAUTION Spread=38 Vol=90 Trend=58 News=18 Broker=58 | MaxLotReduction=50%",PENDING_ONLY
2026-07-30T09:11:07.444Z,29,"CPI",60.94,CAUTION,REDUCE_LOT,0.5,0.25,2665.2,2676.5,2661,30,5,0.0158,"MaxLotReduction=50%","ExecConf=61 Band=CAUTION Spread=38 Vol=90 Trend=58 News=18 Broker=58 | MaxLotReduction=50%",PENDING_ONLY
2026-07-30T09:11:07.444Z,30,"CPI",60.94,CAUTION,REDUCE_LOT,0.5,0.25,2666.9,2677,2661.5,30,6,0.0157,"MaxLotReduction=50%","ExecConf=61 Band=CAUTION Spread=38 Vol=90 Trend=58 News=18 Broker=58 | MaxLotReduction=50%",PENDING_ONLY
2026-07-30T09:11:07.444Z,31,"CPI",60.94,CAUTION,REDUCE_LOT,0.5,0.25,2665,2677.5,2662,30,1,0.0152,"MaxLotReduction=50%","ExecConf=61 Band=CAUTION Spread=38 Vol=90 Trend=58 News=18 Broker=58 | MaxLotReduction=50%",PENDING_ONLY
2026-07-30T09:11:07.444Z,32,"CPI",60.94,CAUTION,REDUCE_LOT,0.5,0.25,2666.7,2678,2662.5,30,2,0.0164,"MaxLotReduction=50%","ExecConf=61 Band=CAUTION Spread=38 Vol=90 Trend=58 News=18 Broker=58 | MaxLotReduction=50%",PENDING_ONLY
2026-07-30T09:11:07.444Z,33,"CPI",60.94,CAUTION,REDUCE_LOT,0.5,0.25,2668.4,2678.5,2663,30,3,0.0163,"MaxLotReduction=50%","ExecConf=61 Band=CAUTION Spread=38 Vol=90 Trend=58 News=18 Broker=58 | MaxLotReduction=50%",PENDING_ONLY
2026-07-30T09:11:07.444Z,34,"CPI",60.94,CAUTION,REDUCE_LOT,0.5,0.25,2666.5,2679,2663.5,30,4,0.0157,"MaxLotReduction=50%","ExecConf=61 Band=CAUTION Spread=38 Vol=90 Trend=58 News=18 Broker=58 | MaxLotReduction=50%",PENDING_ONLY
2026-07-30T09:11:07.444Z,35,"CPI",60.94,CAUTION,REDUCE_LOT,0.5,0.25,2668.2,2679.5,2664,30,5,0.0154,"MaxLotReduction=50%","ExecConf=61 Band=CAUTION Spread=38 Vol=90 Trend=58 News=18 Broker=58 | MaxLotReduction=50%",PENDING_ONLY
2026-07-30T09:11:07.444Z,36,"CPI",60.94,CAUTION,REDUCE_LOT,0.5,0.25,2669.9,2680,2664.5,30,6,0.0158,"MaxLotReduction=50%","ExecConf=61 Band=CAUTION Spread=38 Vol=90 Trend=58 News=18 Broker=58 | MaxLotReduction=50%",PENDING_ONLY
2026-07-30T09:11:07.444Z,37,"CPI",60.94,CAUTION,REDUCE_LOT,0.5,0.25,2668,2680.5,2665,30,1,0.0172,"MaxLotReduction=50%","ExecConf=61 Band=CAUTION Spread=38 Vol=90 Trend=58 News=18 Broker=58 | MaxLotReduction=50%",PENDING_ONLY
2026-07-30T09:11:07.444Z,38,"CPI",60.94,CAUTION,REDUCE_LOT,0.5,0.25,2669.7,2681,2665.5,30,2,0.0165,"MaxLotReduction=50%","ExecConf=61 Band=CAUTION Spread=38 Vol=90 Trend=58 News=18 Broker=58 | MaxLotReduction=50%",PENDING_ONLY
2026-07-30T09:11:07.444Z,39,"CPI",60.94,CAUTION,REDUCE_LOT,0.5,0.25,2671.4,2681.5,2666,30,3,0.0170,"MaxLotReduction=50%","ExecConf=61 Band=CAUTION Spread=38 Vol=90 Trend=58 News=18 Broker=58 | MaxLotReduction=50%",PENDING_ONLY
2026-07-30T09:11:07.444Z,40,"CPI",60.94,CAUTION,REDUCE_LOT,0.5,0.25,2669.5,2682,2666.5,30,4,0.0150,"MaxLotReduction=50%","ExecConf=61 Band=CAUTION Spread=38 Vol=90 Trend=58 News=18 Broker=58 | MaxLotReduction=50%",PENDING_ONLY
2026-07-30T09:11:07.444Z,41,"CPI",60.94,CAUTION,REDUCE_LOT,0.5,0.25,2671.2,2682.5,2667,30,5,0.0158,"MaxLotReduction=50%","ExecConf=61 Band=CAUTION Spread=38 Vol=90 Trend=58 News=18 Broker=58 | MaxLotReduction=50%",PENDING_ONLY
2026-07-30T09:11:07.444Z,42,"CPI",60.94,CAUTION,REDUCE_LOT,0.5,0.25,2672.9,2683,2667.5,30,6,0.0157,"MaxLotReduction=50%","ExecConf=61 Band=CAUTION Spread=38 Vol=90 Trend=58 News=18 Broker=58 | MaxLotReduction=50%",PENDING_ONLY
2026-07-30T09:11:07.445Z,43,"CPI",60.94,CAUTION,REDUCE_LOT,0.5,0.25,2671,2683.5,2668,30,1,0.0157,"MaxLotReduction=50%","ExecConf=61 Band=CAUTION Spread=38 Vol=90 Trend=58 News=18 Broker=58 | MaxLotReduction=50%",PENDING_ONLY
2026-07-30T09:11:07.445Z,44,"CPI",60.94,CAUTION,REDUCE_LOT,0.5,0.25,2672.7,2684,2668.5,30,2,0.0159,"MaxLotReduction=50%","ExecConf=61 Band=CAUTION Spread=38 Vol=90 Trend=58 News=18 Broker=58 | MaxLotReduction=50%",PENDING_ONLY
2026-07-30T09:11:07.445Z,45,"CPI",60.94,CAUTION,REDUCE_LOT,0.5,0.25,2674.4,2684.5,2669,30,3,0.0156,"MaxLotReduction=50%","ExecConf=61 Band=CAUTION Spread=38 Vol=90 Trend=58 News=18 Broker=58 | MaxLotReduction=50%",PENDING_ONLY
2026-07-30T09:11:07.445Z,46,"CPI",60.94,CAUTION,REDUCE_LOT,0.5,0.25,2672.5,2685,2669.5,30,4,0.0161,"MaxLotReduction=50%","ExecConf=61 Band=CAUTION Spread=38 Vol=90 Trend=58 News=18 Broker=58 | MaxLotReduction=50%",PENDING_ONLY
2026-07-30T09:11:07.445Z,47,"CPI",60.94,CAUTION,REDUCE_LOT,0.5,0.25,2674.2,2685.5,2670,30,5,0.0160,"MaxLotReduction=50%","ExecConf=61 Band=CAUTION Spread=38 Vol=90 Trend=58 News=18 Broker=58 | MaxLotReduction=50%",PENDING_ONLY
2026-07-30T09:11:07.445Z,48,"CPI",60.94,CAUTION,REDUCE_LOT,0.5,0.25,2675.9,2686,2670.5,30,6,0.0159,"MaxLotReduction=50%","ExecConf=61 Band=CAUTION Spread=38 Vol=90 Trend=58 News=18 Broker=58 | MaxLotReduction=50%",PENDING_ONLY
2026-07-30T09:11:07.445Z,49,"CPI",60.94,CAUTION,REDUCE_LOT,0.5,0.25,2674,2686.5,2671,30,1,0.0159,"MaxLotReduction=50%","ExecConf=61 Band=CAUTION Spread=38 Vol=90 Trend=58 News=18 Broker=58 | MaxLotReduction=50%",PENDING_ONLY
2026-07-30T09:11:07.445Z,50,"CPI",60.94,CAUTION,REDUCE_LOT,0.5,0.25,2675.7,2687,2671.5,30,2,0.0161,"MaxLotReduction=50%","ExecConf=61 Band=CAUTION Spread=38 Vol=90 Trend=58 News=18 Broker=58 | MaxLotReduction=50%",PENDING_ONLY
2026-07-30T09:11:07.445Z,1,"FOMC",58.36,HIGH_RISK,FREEZE,0.5,0.5,2650,2662.5,2647,40,1,0.1362,"MaxFreeze=30min","ExecConf=58 Band=HIGH_RISK Spread=30 Vol=96 Trend=55 News=12 Broker=50 | MaxFreeze=30min",PENDING_ONLY
2026-07-30T09:11:07.445Z,2,"FOMC",58.36,HIGH_RISK,FREEZE,0.5,0.5,2651.7,2663,2647.5,40,2,0.0136,"MaxFreeze=30min","ExecConf=58 Band=HIGH_RISK Spread=30 Vol=96 Trend=55 News=12 Broker=50 | MaxFreeze=30min",PENDING_ONLY
2026-07-30T09:11:07.445Z,3,"FOMC",58.36,HIGH_RISK,FREEZE,0.5,0.5,2653.4,2663.5,2648,40,3,0.0119,"MaxFreeze=30min","ExecConf=58 Band=HIGH_RISK Spread=30 Vol=96 Trend=55 News=12 Broker=50 | MaxFreeze=30min",PENDING_ONLY
2026-07-30T09:11:07.445Z,4,"FOMC",58.36,HIGH_RISK,FREEZE,0.5,0.5,2651.5,2664,2648.5,40,4,0.0107,"MaxFreeze=30min","ExecConf=58 Band=HIGH_RISK Spread=30 Vol=96 Trend=55 News=12 Broker=50 | MaxFreeze=30min",PENDING_ONLY
2026-07-30T09:11:07.445Z,5,"FOMC",58.36,HIGH_RISK,FREEZE,0.5,0.5,2653.2,2664.5,2649,40,5,0.0106,"MaxFreeze=30min","ExecConf=58 Band=HIGH_RISK Spread=30 Vol=96 Trend=55 News=12 Broker=50 | MaxFreeze=30min",PENDING_ONLY
2026-07-30T09:11:07.445Z,6,"FOMC",58.36,HIGH_RISK,FREEZE,0.5,0.5,2654.9,2665,2649.5,40,6,0.0148,"MaxFreeze=30min","ExecConf=58 Band=HIGH_RISK Spread=30 Vol=96 Trend=55 News=12 Broker=50 | MaxFreeze=30min",PENDING_ONLY
2026-07-30T09:11:07.445Z,7,"FOMC",58.36,HIGH_RISK,FREEZE,0.5,0.5,2653,2665.5,2650,40,1,0.0129,"MaxFreeze=30min","ExecConf=58 Band=HIGH_RISK Spread=30 Vol=96 Trend=55 News=12 Broker=50 | MaxFreeze=30min",PENDING_ONLY
2026-07-30T09:11:07.445Z,8,"FOMC",58.36,HIGH_RISK,FREEZE,0.5,0.5,2654.7,2666,2650.5,40,2,0.0135,"MaxFreeze=30min","ExecConf=58 Band=HIGH_RISK Spread=30 Vol=96 Trend=55 News=12 Broker=50 | MaxFreeze=30min",PENDING_ONLY
2026-07-30T09:11:07.446Z,9,"FOMC",58.36,HIGH_RISK,FREEZE,0.5,0.5,2656.4,2666.5,2651,40,3,0.0136,"MaxFreeze=30min","ExecConf=58 Band=HIGH_RISK Spread=30 Vol=96 Trend=55 News=12 Broker=50 | MaxFreeze=30min",PENDING_ONLY
2026-07-30T09:11:07.446Z,10,"FOMC",58.36,HIGH_RISK,FREEZE,0.5,0.5,2654.5,2667,2651.5,40,4,0.0137,"MaxFreeze=30min","ExecConf=58 Band=HIGH_RISK Spread=30 Vol=96 Trend=55 News=12 Broker=50 | MaxFreeze=30min",PENDING_ONLY
2026-07-30T09:11:07.446Z,11,"FOMC",58.36,HIGH_RISK,FREEZE,0.5,0.5,2656.2,2667.5,2652,40,5,0.0154,"MaxFreeze=30min","ExecConf=58 Band=HIGH_RISK Spread=30 Vol=96 Trend=55 News=12 Broker=50 | MaxFreeze=30min",PENDING_ONLY
2026-07-30T09:11:07.446Z,12,"FOMC",58.36,HIGH_RISK,FREEZE,0.5,0.5,2657.9,2668,2652.5,40,6,0.0129,"MaxFreeze=30min","ExecConf=58 Band=HIGH_RISK Spread=30 Vol=96 Trend=55 News=12 Broker=50 | MaxFreeze=30min",PENDING_ONLY
2026-07-30T09:11:07.446Z,13,"FOMC",58.36,HIGH_RISK,FREEZE,0.5,0.5,2656,2668.5,2653,40,1,0.0149,"MaxFreeze=30min","ExecConf=58 Band=HIGH_RISK Spread=30 Vol=96 Trend=55 News=12 Broker=50 | MaxFreeze=30min",PENDING_ONLY
2026-07-30T09:11:07.446Z,14,"FOMC",58.36,HIGH_RISK,FREEZE,0.5,0.5,2657.7,2669,2653.5,40,2,0.0146,"MaxFreeze=30min","ExecConf=58 Band=HIGH_RISK Spread=30 Vol=96 Trend=55 News=12 Broker=50 | MaxFreeze=30min",PENDING_ONLY
2026-07-30T09:11:07.446Z,15,"FOMC",58.36,HIGH_RISK,FREEZE,0.5,0.5,2659.4,2669.5,2654,40,3,0.0144,"MaxFreeze=30min","ExecConf=58 Band=HIGH_RISK Spread=30 Vol=96 Trend=55 News=12 Broker=50 | MaxFreeze=30min",PENDING_ONLY
2026-07-30T09:11:07.446Z,16,"FOMC",58.36,HIGH_RISK,FREEZE,0.5,0.5,2657.5,2670,2654.5,40,4,0.0144,"MaxFreeze=30min","ExecConf=58 Band=HIGH_RISK Spread=30 Vol=96 Trend=55 News=12 Broker=50 | MaxFreeze=30min",PENDING_ONLY
2026-07-30T09:11:07.446Z,17,"FOMC",58.36,HIGH_RISK,FREEZE,0.5,0.5,2659.2,2670.5,2655,40,5,0.0143,"MaxFreeze=30min","ExecConf=58 Band=HIGH_RISK Spread=30 Vol=96 Trend=55 News=12 Broker=50 | MaxFreeze=30min",PENDING_ONLY
2026-07-30T09:11:07.446Z,18,"FOMC",58.36,HIGH_RISK,FREEZE,0.5,0.5,2660.9,2671,2655.5,40,6,0.0129,"MaxFreeze=30min","ExecConf=58 Band=HIGH_RISK Spread=30 Vol=96 Trend=55 News=12 Broker=50 | MaxFreeze=30min",PENDING_ONLY
2026-07-30T09:11:07.447Z,19,"FOMC",58.36,HIGH_RISK,FREEZE,0.5,0.5,2659,2671.5,2656,40,1,0.0184,"MaxFreeze=30min","ExecConf=58 Band=HIGH_RISK Spread=30 Vol=96 Trend=55 News=12 Broker=50 | MaxFreeze=30min",PENDING_ONLY
2026-07-30T09:11:07.447Z,20,"FOMC",58.36,HIGH_RISK,FREEZE,0.5,0.5,2660.7,2672,2656.5,40,2,0.0121,"MaxFreeze=30min","ExecConf=58 Band=HIGH_RISK Spread=30 Vol=96 Trend=55 News=12 Broker=50 | MaxFreeze=30min",PENDING_ONLY
2026-07-30T09:11:07.447Z,21,"FOMC",58.36,HIGH_RISK,FREEZE,0.5,0.5,2662.4,2672.5,2657,40,3,0.0424,"MaxFreeze=30min","ExecConf=58 Band=HIGH_RISK Spread=30 Vol=96 Trend=55 News=12 Broker=50 | MaxFreeze=30min",PENDING_ONLY
2026-07-30T09:11:07.447Z,22,"FOMC",58.36,HIGH_RISK,FREEZE,0.5,0.5,2660.5,2673,2657.5,40,4,0.0113,"MaxFreeze=30min","ExecConf=58 Band=HIGH_RISK Spread=30 Vol=96 Trend=55 News=12 Broker=50 | MaxFreeze=30min",PENDING_ONLY
2026-07-30T09:11:07.447Z,23,"FOMC",58.36,HIGH_RISK,FREEZE,0.5,0.5,2662.2,2673.5,2658,40,5,0.0115,"MaxFreeze=30min","ExecConf=58 Band=HIGH_RISK Spread=30 Vol=96 Trend=55 News=12 Broker=50 | MaxFreeze=30min",PENDING_ONLY
2026-07-30T09:11:07.447Z,24,"FOMC",58.36,HIGH_RISK,FREEZE,0.5,0.5,2663.9,2674,2658.5,40,6,0.0106,"MaxFreeze=30min","ExecConf=58 Band=HIGH_RISK Spread=30 Vol=96 Trend=55 News=12 Broker=50 | MaxFreeze=30min",PENDING_ONLY
2026-07-30T09:11:07.447Z,25,"FOMC",58.36,HIGH_RISK,FREEZE,0.5,0.5,2662,2674.5,2659,40,1,0.0106,"MaxFreeze=30min","ExecConf=58 Band=HIGH_RISK Spread=30 Vol=96 Trend=55 News=12 Broker=50 | MaxFreeze=30min",PENDING_ONLY
2026-07-30T09:11:07.447Z,26,"FOMC",58.36,HIGH_RISK,FREEZE,0.5,0.5,2663.7,2675,2659.5,40,2,0.0094,"MaxFreeze=30min","ExecConf=58 Band=HIGH_RISK Spread=30 Vol=96 Trend=55 News=12 Broker=50 | MaxFreeze=30min",PENDING_ONLY
2026-07-30T09:11:07.447Z,27,"FOMC",58.36,HIGH_RISK,FREEZE,0.5,0.5,2665.4,2675.5,2660,40,3,0.0106,"MaxFreeze=30min","ExecConf=58 Band=HIGH_RISK Spread=30 Vol=96 Trend=55 News=12 Broker=50 | MaxFreeze=30min",PENDING_ONLY
2026-07-30T09:11:07.448Z,28,"FOMC",58.36,HIGH_RISK,FREEZE,0.5,0.5,2663.5,2676,2660.5,40,4,0.0164,"MaxFreeze=30min","ExecConf=58 Band=HIGH_RISK Spread=30 Vol=96 Trend=55 News=12 Broker=50 | MaxFreeze=30min",PENDING_ONLY
2026-07-30T09:11:07.448Z,29,"FOMC",58.36,HIGH_RISK,FREEZE,0.5,0.5,2665.2,2676.5,2661,40,5,0.0146,"MaxFreeze=30min","ExecConf=58 Band=HIGH_RISK Spread=30 Vol=96 Trend=55 News=12 Broker=50 | MaxFreeze=30min",PENDING_ONLY
2026-07-30T09:11:07.448Z,30,"FOMC",58.36,HIGH_RISK,FREEZE,0.5,0.5,2666.9,2677,2661.5,40,6,0.0145,"MaxFreeze=30min","ExecConf=58 Band=HIGH_RISK Spread=30 Vol=96 Trend=55 News=12 Broker=50 | MaxFreeze=30min",PENDING_ONLY
2026-07-30T09:11:07.448Z,31,"FOMC",58.36,HIGH_RISK,FREEZE,0.5,0.5,2665,2677.5,2662,40,1,0.0105,"MaxFreeze=30min","ExecConf=58 Band=HIGH_RISK Spread=30 Vol=96 Trend=55 News=12 Broker=50 | MaxFreeze=30min",PENDING_ONLY
2026-07-30T09:11:07.448Z,32,"FOMC",58.36,HIGH_RISK,FREEZE,0.5,0.5,2666.7,2678,2662.5,40,2,0.0131,"MaxFreeze=30min","ExecConf=58 Band=HIGH_RISK Spread=30 Vol=96 Trend=55 News=12 Broker=50 | MaxFreeze=30min",PENDING_ONLY
2026-07-30T09:11:07.448Z,33,"FOMC",58.36,HIGH_RISK,FREEZE,0.5,0.5,2668.4,2678.5,2663,40,3,0.0120,"MaxFreeze=30min","ExecConf=58 Band=HIGH_RISK Spread=30 Vol=96 Trend=55 News=12 Broker=50 | MaxFreeze=30min",PENDING_ONLY
2026-07-30T09:11:07.448Z,34,"FOMC",58.36,HIGH_RISK,FREEZE,0.5,0.5,2666.5,2679,2663.5,40,4,0.0119,"MaxFreeze=30min","ExecConf=58 Band=HIGH_RISK Spread=30 Vol=96 Trend=55 News=12 Broker=50 | MaxFreeze=30min",PENDING_ONLY
2026-07-30T09:11:07.448Z,35,"FOMC",58.36,HIGH_RISK,FREEZE,0.5,0.5,2668.2,2679.5,2664,40,5,0.0113,"MaxFreeze=30min","ExecConf=58 Band=HIGH_RISK Spread=30 Vol=96 Trend=55 News=12 Broker=50 | MaxFreeze=30min",PENDING_ONLY
2026-07-30T09:11:07.448Z,36,"FOMC",58.36,HIGH_RISK,FREEZE,0.5,0.5,2669.9,2680,2664.5,40,6,0.0117,"MaxFreeze=30min","ExecConf=58 Band=HIGH_RISK Spread=30 Vol=96 Trend=55 News=12 Broker=50 | MaxFreeze=30min",PENDING_ONLY
2026-07-30T09:11:07.448Z,37,"FOMC",58.36,HIGH_RISK,FREEZE,0.5,0.5,2668,2680.5,2665,40,1,0.0167,"MaxFreeze=30min","ExecConf=58 Band=HIGH_RISK Spread=30 Vol=96 Trend=55 News=12 Broker=50 | MaxFreeze=30min",PENDING_ONLY
2026-07-30T09:11:07.448Z,38,"FOMC",58.36,HIGH_RISK,FREEZE,0.5,0.5,2669.7,2681,2665.5,40,2,0.0129,"MaxFreeze=30min","ExecConf=58 Band=HIGH_RISK Spread=30 Vol=96 Trend=55 News=12 Broker=50 | MaxFreeze=30min",PENDING_ONLY
2026-07-30T09:11:07.448Z,39,"FOMC",58.36,HIGH_RISK,FREEZE,0.5,0.5,2671.4,2681.5,2666,40,3,0.0114,"MaxFreeze=30min","ExecConf=58 Band=HIGH_RISK Spread=30 Vol=96 Trend=55 News=12 Broker=50 | MaxFreeze=30min",PENDING_ONLY
2026-07-30T09:11:07.448Z,40,"FOMC",58.36,HIGH_RISK,FREEZE,0.5,0.5,2669.5,2682,2666.5,40,4,0.0185,"MaxFreeze=30min","ExecConf=58 Band=HIGH_RISK Spread=30 Vol=96 Trend=55 News=12 Broker=50 | MaxFreeze=30min",PENDING_ONLY
2026-07-30T09:11:07.448Z,41,"FOMC",58.36,HIGH_RISK,FREEZE,0.5,0.5,2671.2,2682.5,2667,40,5,0.0125,"MaxFreeze=30min","ExecConf=58 Band=HIGH_RISK Spread=30 Vol=96 Trend=55 News=12 Broker=50 | MaxFreeze=30min",PENDING_ONLY
2026-07-30T09:11:07.448Z,42,"FOMC",58.36,HIGH_RISK,FREEZE,0.5,0.5,2672.9,2683,2667.5,40,6,0.0116,"MaxFreeze=30min","ExecConf=58 Band=HIGH_RISK Spread=30 Vol=96 Trend=55 News=12 Broker=50 | MaxFreeze=30min",PENDING_ONLY
2026-07-30T09:11:07.449Z,43,"FOMC",58.36,HIGH_RISK,FREEZE,0.5,0.5,2671,2683.5,2668,40,1,0.0110,"MaxFreeze=30min","ExecConf=58 Band=HIGH_RISK Spread=30 Vol=96 Trend=55 News=12 Broker=50 | MaxFreeze=30min",PENDING_ONLY
2026-07-30T09:11:07.449Z,44,"FOMC",58.36,HIGH_RISK,FREEZE,0.5,0.5,2672.7,2684,2668.5,40,2,0.0113,"MaxFreeze=30min","ExecConf=58 Band=HIGH_RISK Spread=30 Vol=96 Trend=55 News=12 Broker=50 | MaxFreeze=30min",PENDING_ONLY
2026-07-30T09:11:07.449Z,45,"FOMC",58.36,HIGH_RISK,FREEZE,0.5,0.5,2674.4,2684.5,2669,40,3,0.0110,"MaxFreeze=30min","ExecConf=58 Band=HIGH_RISK Spread=30 Vol=96 Trend=55 News=12 Broker=50 | MaxFreeze=30min",PENDING_ONLY
2026-07-30T09:11:07.449Z,46,"FOMC",58.36,HIGH_RISK,FREEZE,0.5,0.5,2672.5,2685,2669.5,40,4,0.0128,"MaxFreeze=30min","ExecConf=58 Band=HIGH_RISK Spread=30 Vol=96 Trend=55 News=12 Broker=50 | MaxFreeze=30min",PENDING_ONLY
2026-07-30T09:11:07.449Z,47,"FOMC",58.36,HIGH_RISK,FREEZE,0.5,0.5,2674.2,2685.5,2670,40,5,0.0108,"MaxFreeze=30min","ExecConf=58 Band=HIGH_RISK Spread=30 Vol=96 Trend=55 News=12 Broker=50 | MaxFreeze=30min",PENDING_ONLY
2026-07-30T09:11:07.449Z,48,"FOMC",58.36,HIGH_RISK,FREEZE,0.5,0.5,2675.9,2686,2670.5,40,6,0.0155,"MaxFreeze=30min","ExecConf=58 Band=HIGH_RISK Spread=30 Vol=96 Trend=55 News=12 Broker=50 | MaxFreeze=30min",PENDING_ONLY
2026-07-30T09:11:07.449Z,49,"FOMC",58.36,HIGH_RISK,FREEZE,0.5,0.5,2674,2686.5,2671,40,1,0.0105,"MaxFreeze=30min","ExecConf=58 Band=HIGH_RISK Spread=30 Vol=96 Trend=55 News=12 Broker=50 | MaxFreeze=30min",PENDING_ONLY
2026-07-30T09:11:07.449Z,50,"FOMC",58.36,HIGH_RISK,FREEZE,0.5,0.5,2675.7,2687,2671.5,40,2,0.0127,"MaxFreeze=30min","ExecConf=58 Band=HIGH_RISK Spread=30 Vol=96 Trend=55 News=12 Broker=50 | MaxFreeze=30min",PENDING_ONLY
2026-07-30T09:11:07.449Z,1,"Gold Flash Moves",73.70,CAUTION,REDUCE_LOT,0.5,0.25,2650,2662.5,2647,45,1,0.0249,"MaxLotReduction=50%","ExecConf=74 Band=CAUTION Spread=40 Vol=98 Trend=88 News=40 Broker=60 | MaxLotReduction=50%",PENDING_ONLY
2026-07-30T09:11:07.449Z,2,"Gold Flash Moves",73.70,CAUTION,REDUCE_LOT,0.5,0.25,2651.7,2663,2647.5,45,2,0.0197,"MaxLotReduction=50%","ExecConf=74 Band=CAUTION Spread=40 Vol=98 Trend=88 News=40 Broker=60 | MaxLotReduction=50%",PENDING_ONLY
2026-07-30T09:11:07.450Z,3,"Gold Flash Moves",73.70,CAUTION,REDUCE_LOT,0.5,0.25,2653.4,2663.5,2648,45,3,1.2454,"MaxLotReduction=50%","ExecConf=74 Band=CAUTION Spread=40 Vol=98 Trend=88 News=40 Broker=60 | MaxLotReduction=50%",PENDING_ONLY
2026-07-30T09:11:07.451Z,4,"Gold Flash Moves",73.70,CAUTION,REDUCE_LOT,0.5,0.25,2651.5,2664,2648.5,45,4,0.0343,"MaxLotReduction=50%","ExecConf=74 Band=CAUTION Spread=40 Vol=98 Trend=88 News=40 Broker=60 | MaxLotReduction=50%",PENDING_ONLY
2026-07-30T09:11:07.451Z,5,"Gold Flash Moves",73.70,CAUTION,REDUCE_LOT,0.5,0.25,2653.2,2664.5,2649,45,5,0.0184,"MaxLotReduction=50%","ExecConf=74 Band=CAUTION Spread=40 Vol=98 Trend=88 News=40 Broker=60 | MaxLotReduction=50%",PENDING_ONLY
2026-07-30T09:11:07.451Z,6,"Gold Flash Moves",73.70,CAUTION,REDUCE_LOT,0.5,0.25,2654.9,2665,2649.5,45,6,0.0169,"MaxLotReduction=50%","ExecConf=74 Band=CAUTION Spread=40 Vol=98 Trend=88 News=40 Broker=60 | MaxLotReduction=50%",PENDING_ONLY
2026-07-30T09:11:07.451Z,7,"Gold Flash Moves",73.70,CAUTION,REDUCE_LOT,0.5,0.25,2653,2665.5,2650,45,1,0.0157,"MaxLotReduction=50%","ExecConf=74 Band=CAUTION Spread=40 Vol=98 Trend=88 News=40 Broker=60 | MaxLotReduction=50%",PENDING_ONLY
2026-07-30T09:11:07.451Z,8,"Gold Flash Moves",73.70,CAUTION,REDUCE_LOT,0.5,0.25,2654.7,2666,2650.5,45,2,0.0158,"MaxLotReduction=50%","ExecConf=74 Band=CAUTION Spread=40 Vol=98 Trend=88 News=40 Broker=60 | MaxLotReduction=50%",PENDING_ONLY
2026-07-30T09:11:07.451Z,9,"Gold Flash Moves",73.70,CAUTION,REDUCE_LOT,0.5,0.25,2656.4,2666.5,2651,45,3,0.0160,"MaxLotReduction=50%","ExecConf=74 Band=CAUTION Spread=40 Vol=98 Trend=88 News=40 Broker=60 | MaxLotReduction=50%",PENDING_ONLY
2026-07-30T09:11:07.451Z,10,"Gold Flash Moves",73.70,CAUTION,REDUCE_LOT,0.5,0.25,2654.5,2667,2651.5,45,4,0.0153,"MaxLotReduction=50%","ExecConf=74 Band=CAUTION Spread=40 Vol=98 Trend=88 News=40 Broker=60 | MaxLotReduction=50%",PENDING_ONLY
2026-07-30T09:11:07.451Z,11,"Gold Flash Moves",73.70,CAUTION,REDUCE_LOT,0.5,0.25,2656.2,2667.5,2652,45,5,0.0155,"MaxLotReduction=50%","ExecConf=74 Band=CAUTION Spread=40 Vol=98 Trend=88 News=40 Broker=60 | MaxLotReduction=50%",PENDING_ONLY
2026-07-30T09:11:07.451Z,12,"Gold Flash Moves",73.70,CAUTION,REDUCE_LOT,0.5,0.25,2657.9,2668,2652.5,45,6,0.0150,"MaxLotReduction=50%","ExecConf=74 Band=CAUTION Spread=40 Vol=98 Trend=88 News=40 Broker=60 | MaxLotReduction=50%",PENDING_ONLY
2026-07-30T09:11:07.451Z,13,"Gold Flash Moves",73.70,CAUTION,REDUCE_LOT,0.5,0.25,2656,2668.5,2653,45,1,0.0148,"MaxLotReduction=50%","ExecConf=74 Band=CAUTION Spread=40 Vol=98 Trend=88 News=40 Broker=60 | MaxLotReduction=50%",PENDING_ONLY
2026-07-30T09:11:07.451Z,14,"Gold Flash Moves",73.70,CAUTION,REDUCE_LOT,0.5,0.25,2657.7,2669,2653.5,45,2,0.0177,"MaxLotReduction=50%","ExecConf=74 Band=CAUTION Spread=40 Vol=98 Trend=88 News=40 Broker=60 | MaxLotReduction=50%",PENDING_ONLY
2026-07-30T09:11:07.451Z,15,"Gold Flash Moves",73.70,CAUTION,REDUCE_LOT,0.5,0.25,2659.4,2669.5,2654,45,3,0.0163,"MaxLotReduction=50%","ExecConf=74 Band=CAUTION Spread=40 Vol=98 Trend=88 News=40 Broker=60 | MaxLotReduction=50%",PENDING_ONLY
2026-07-30T09:11:07.451Z,16,"Gold Flash Moves",73.70,CAUTION,REDUCE_LOT,0.5,0.25,2657.5,2670,2654.5,45,4,0.0162,"MaxLotReduction=50%","ExecConf=74 Band=CAUTION Spread=40 Vol=98 Trend=88 News=40 Broker=60 | MaxLotReduction=50%",PENDING_ONLY
2026-07-30T09:11:07.451Z,17,"Gold Flash Moves",73.70,CAUTION,REDUCE_LOT,0.5,0.25,2659.2,2670.5,2655,45,5,0.0147,"MaxLotReduction=50%","ExecConf=74 Band=CAUTION Spread=40 Vol=98 Trend=88 News=40 Broker=60 | MaxLotReduction=50%",PENDING_ONLY
2026-07-30T09:11:07.451Z,18,"Gold Flash Moves",73.70,CAUTION,REDUCE_LOT,0.5,0.25,2660.9,2671,2655.5,45,6,0.0142,"MaxLotReduction=50%","ExecConf=74 Band=CAUTION Spread=40 Vol=98 Trend=88 News=40 Broker=60 | MaxLotReduction=50%",PENDING_ONLY
2026-07-30T09:11:07.451Z,19,"Gold Flash Moves",73.70,CAUTION,REDUCE_LOT,0.5,0.25,2659,2671.5,2656,45,1,0.0165,"MaxLotReduction=50%","ExecConf=74 Band=CAUTION Spread=40 Vol=98 Trend=88 News=40 Broker=60 | MaxLotReduction=50%",PENDING_ONLY
2026-07-30T09:11:07.451Z,20,"Gold Flash Moves",73.70,CAUTION,REDUCE_LOT,0.5,0.25,2660.7,2672,2656.5,45,2,0.0149,"MaxLotReduction=50%","ExecConf=74 Band=CAUTION Spread=40 Vol=98 Trend=88 News=40 Broker=60 | MaxLotReduction=50%",PENDING_ONLY
2026-07-30T09:11:07.452Z,21,"Gold Flash Moves",73.70,CAUTION,REDUCE_LOT,0.5,0.25,2662.4,2672.5,2657,45,3,0.0180,"MaxLotReduction=50%","ExecConf=74 Band=CAUTION Spread=40 Vol=98 Trend=88 News=40 Broker=60 | MaxLotReduction=50%",PENDING_ONLY
2026-07-30T09:11:07.452Z,22,"Gold Flash Moves",73.70,CAUTION,REDUCE_LOT,0.5,0.25,2660.5,2673,2657.5,45,4,0.0156,"MaxLotReduction=50%","ExecConf=74 Band=CAUTION Spread=40 Vol=98 Trend=88 News=40 Broker=60 | MaxLotReduction=50%",PENDING_ONLY
2026-07-30T09:11:07.452Z,23,"Gold Flash Moves",73.70,CAUTION,REDUCE_LOT,0.5,0.25,2662.2,2673.5,2658,45,5,0.0389,"MaxLotReduction=50%","ExecConf=74 Band=CAUTION Spread=40 Vol=98 Trend=88 News=40 Broker=60 | MaxLotReduction=50%",PENDING_ONLY
2026-07-30T09:11:07.452Z,24,"Gold Flash Moves",73.70,CAUTION,REDUCE_LOT,0.5,0.25,2663.9,2674,2658.5,45,6,0.0228,"MaxLotReduction=50%","ExecConf=74 Band=CAUTION Spread=40 Vol=98 Trend=88 News=40 Broker=60 | MaxLotReduction=50%",PENDING_ONLY
2026-07-30T09:11:07.452Z,25,"Gold Flash Moves",73.70,CAUTION,REDUCE_LOT,0.5,0.25,2662,2674.5,2659,45,1,0.0249,"MaxLotReduction=50%","ExecConf=74 Band=CAUTION Spread=40 Vol=98 Trend=88 News=40 Broker=60 | MaxLotReduction=50%",PENDING_ONLY
2026-07-30T09:11:07.452Z,26,"Gold Flash Moves",73.70,CAUTION,REDUCE_LOT,0.5,0.25,2663.7,2675,2659.5,45,2,0.1468,"MaxLotReduction=50%","ExecConf=74 Band=CAUTION Spread=40 Vol=98 Trend=88 News=40 Broker=60 | MaxLotReduction=50%",PENDING_ONLY
2026-07-30T09:11:07.452Z,27,"Gold Flash Moves",73.70,CAUTION,REDUCE_LOT,0.5,0.25,2665.4,2675.5,2660,45,3,0.0157,"MaxLotReduction=50%","ExecConf=74 Band=CAUTION Spread=40 Vol=98 Trend=88 News=40 Broker=60 | MaxLotReduction=50%",PENDING_ONLY
2026-07-30T09:11:07.452Z,28,"Gold Flash Moves",73.70,CAUTION,REDUCE_LOT,0.5,0.25,2663.5,2676,2660.5,45,4,0.0168,"MaxLotReduction=50%","ExecConf=74 Band=CAUTION Spread=40 Vol=98 Trend=88 News=40 Broker=60 | MaxLotReduction=50%",PENDING_ONLY
2026-07-30T09:11:07.452Z,29,"Gold Flash Moves",73.70,CAUTION,REDUCE_LOT,0.5,0.25,2665.2,2676.5,2661,45,5,0.1541,"MaxLotReduction=50%","ExecConf=74 Band=CAUTION Spread=40 Vol=98 Trend=88 News=40 Broker=60 | MaxLotReduction=50%",PENDING_ONLY
2026-07-30T09:11:07.452Z,30,"Gold Flash Moves",73.70,CAUTION,REDUCE_LOT,0.5,0.25,2666.9,2677,2661.5,45,6,0.0248,"MaxLotReduction=50%","ExecConf=74 Band=CAUTION Spread=40 Vol=98 Trend=88 News=40 Broker=60 | MaxLotReduction=50%",PENDING_ONLY
2026-07-30T09:11:07.452Z,31,"Gold Flash Moves",73.70,CAUTION,REDUCE_LOT,0.5,0.25,2665,2677.5,2662,45,1,0.0167,"MaxLotReduction=50%","ExecConf=74 Band=CAUTION Spread=40 Vol=98 Trend=88 News=40 Broker=60 | MaxLotReduction=50%",PENDING_ONLY
2026-07-30T09:11:07.453Z,32,"Gold Flash Moves",73.70,CAUTION,REDUCE_LOT,0.5,0.25,2666.7,2678,2662.5,45,2,0.0153,"MaxLotReduction=50%","ExecConf=74 Band=CAUTION Spread=40 Vol=98 Trend=88 News=40 Broker=60 | MaxLotReduction=50%",PENDING_ONLY
2026-07-30T09:11:07.453Z,33,"Gold Flash Moves",73.70,CAUTION,REDUCE_LOT,0.5,0.25,2668.4,2678.5,2663,45,3,0.0149,"MaxLotReduction=50%","ExecConf=74 Band=CAUTION Spread=40 Vol=98 Trend=88 News=40 Broker=60 | MaxLotReduction=50%",PENDING_ONLY
2026-07-30T09:11:07.453Z,34,"Gold Flash Moves",73.70,CAUTION,REDUCE_LOT,0.5,0.25,2666.5,2679,2663.5,45,4,0.0149,"MaxLotReduction=50%","ExecConf=74 Band=CAUTION Spread=40 Vol=98 Trend=88 News=40 Broker=60 | MaxLotReduction=50%",PENDING_ONLY
2026-07-30T09:11:07.453Z,35,"Gold Flash Moves",73.70,CAUTION,REDUCE_LOT,0.5,0.25,2668.2,2679.5,2664,45,5,0.0185,"MaxLotReduction=50%","ExecConf=74 Band=CAUTION Spread=40 Vol=98 Trend=88 News=40 Broker=60 | MaxLotReduction=50%",PENDING_ONLY
2026-07-30T09:11:07.453Z,36,"Gold Flash Moves",73.70,CAUTION,REDUCE_LOT,0.5,0.25,2669.9,2680,2664.5,45,6,0.0156,"MaxLotReduction=50%","ExecConf=74 Band=CAUTION Spread=40 Vol=98 Trend=88 News=40 Broker=60 | MaxLotReduction=50%",PENDING_ONLY
2026-07-30T09:11:07.453Z,37,"Gold Flash Moves",73.70,CAUTION,REDUCE_LOT,0.5,0.25,2668,2680.5,2665,45,1,0.0146,"MaxLotReduction=50%","ExecConf=74 Band=CAUTION Spread=40 Vol=98 Trend=88 News=40 Broker=60 | MaxLotReduction=50%",PENDING_ONLY
2026-07-30T09:11:07.453Z,38,"Gold Flash Moves",73.70,CAUTION,REDUCE_LOT,0.5,0.25,2669.7,2681,2665.5,45,2,0.0152,"MaxLotReduction=50%","ExecConf=74 Band=CAUTION Spread=40 Vol=98 Trend=88 News=40 Broker=60 | MaxLotReduction=50%",PENDING_ONLY
2026-07-30T09:11:07.453Z,39,"Gold Flash Moves",73.70,CAUTION,REDUCE_LOT,0.5,0.25,2671.4,2681.5,2666,45,3,0.0153,"MaxLotReduction=50%","ExecConf=74 Band=CAUTION Spread=40 Vol=98 Trend=88 News=40 Broker=60 | MaxLotReduction=50%",PENDING_ONLY
2026-07-30T09:11:07.453Z,40,"Gold Flash Moves",73.70,CAUTION,REDUCE_LOT,0.5,0.25,2669.5,2682,2666.5,45,4,0.0169,"MaxLotReduction=50%","ExecConf=74 Band=CAUTION Spread=40 Vol=98 Trend=88 News=40 Broker=60 | MaxLotReduction=50%",PENDING_ONLY
2026-07-30T09:11:07.453Z,41,"Gold Flash Moves",73.70,CAUTION,REDUCE_LOT,0.5,0.25,2671.2,2682.5,2667,45,5,0.0166,"MaxLotReduction=50%","ExecConf=74 Band=CAUTION Spread=40 Vol=98 Trend=88 News=40 Broker=60 | MaxLotReduction=50%",PENDING_ONLY
2026-07-30T09:11:07.453Z,42,"Gold Flash Moves",73.70,CAUTION,REDUCE_LOT,0.5,0.25,2672.9,2683,2667.5,45,6,0.0147,"MaxLotReduction=50%","ExecConf=74 Band=CAUTION Spread=40 Vol=98 Trend=88 News=40 Broker=60 | MaxLotReduction=50%",PENDING_ONLY
2026-07-30T09:11:07.453Z,43,"Gold Flash Moves",73.70,CAUTION,REDUCE_LOT,0.5,0.25,2671,2683.5,2668,45,1,0.0151,"MaxLotReduction=50%","ExecConf=74 Band=CAUTION Spread=40 Vol=98 Trend=88 News=40 Broker=60 | MaxLotReduction=50%",PENDING_ONLY
2026-07-30T09:11:07.453Z,44,"Gold Flash Moves",73.70,CAUTION,REDUCE_LOT,0.5,0.25,2672.7,2684,2668.5,45,2,0.0145,"MaxLotReduction=50%","ExecConf=74 Band=CAUTION Spread=40 Vol=98 Trend=88 News=40 Broker=60 | MaxLotReduction=50%",PENDING_ONLY
2026-07-30T09:11:07.453Z,45,"Gold Flash Moves",73.70,CAUTION,REDUCE_LOT,0.5,0.25,2674.4,2684.5,2669,45,3,0.0153,"MaxLotReduction=50%","ExecConf=74 Band=CAUTION Spread=40 Vol=98 Trend=88 News=40 Broker=60 | MaxLotReduction=50%",PENDING_ONLY
2026-07-30T09:11:07.453Z,46,"Gold Flash Moves",73.70,CAUTION,REDUCE_LOT,0.5,0.25,2672.5,2685,2669.5,45,4,0.0140,"MaxLotReduction=50%","ExecConf=74 Band=CAUTION Spread=40 Vol=98 Trend=88 News=40 Broker=60 | MaxLotReduction=50%",PENDING_ONLY
2026-07-30T09:11:07.453Z,47,"Gold Flash Moves",73.70,CAUTION,REDUCE_LOT,0.5,0.25,2674.2,2685.5,2670,45,5,0.0144,"MaxLotReduction=50%","ExecConf=74 Band=CAUTION Spread=40 Vol=98 Trend=88 News=40 Broker=60 | MaxLotReduction=50%",PENDING_ONLY
2026-07-30T09:11:07.453Z,48,"Gold Flash Moves",73.70,CAUTION,REDUCE_LOT,0.5,0.25,2675.9,2686,2670.5,45,6,0.0233,"MaxLotReduction=50%","ExecConf=74 Band=CAUTION Spread=40 Vol=98 Trend=88 News=40 Broker=60 | MaxLotReduction=50%",PENDING_ONLY
2026-07-30T09:11:07.453Z,49,"Gold Flash Moves",73.70,CAUTION,REDUCE_LOT,0.5,0.25,2674,2686.5,2671,45,1,0.0865,"MaxLotReduction=50%","ExecConf=74 Band=CAUTION Spread=40 Vol=98 Trend=88 News=40 Broker=60 | MaxLotReduction=50%",PENDING_ONLY
2026-07-30T09:11:07.454Z,50,"Gold Flash Moves",73.70,CAUTION,REDUCE_LOT,0.5,0.25,2675.7,2687,2671.5,45,2,0.0162,"MaxLotReduction=50%","ExecConf=74 Band=CAUTION Spread=40 Vol=98 Trend=88 News=40 Broker=60 | MaxLotReduction=50%",PENDING_ONLY
2026-07-30T09:11:07.454Z,1,"Weekend Gap",40.00,HIGH_RISK,FREEZE,0.5,0.5,2650,2662.5,2647,18,1,0.0116,"MaxFreeze=30min","ExecConf=40 Band=HIGH_RISK Spread=25 Vol=70 Trend=40 News=25 Broker=65 | MaxFreeze=30min",PENDING_ONLY
2026-07-30T09:11:07.454Z,2,"Weekend Gap",40.00,HIGH_RISK,FREEZE,0.5,0.5,2651.7,2663,2647.5,18,2,0.0122,"MaxFreeze=30min","ExecConf=40 Band=HIGH_RISK Spread=25 Vol=70 Trend=40 News=25 Broker=65 | MaxFreeze=30min",PENDING_ONLY
2026-07-30T09:11:07.454Z,3,"Weekend Gap",40.00,HIGH_RISK,FREEZE,0.5,0.5,2653.4,2663.5,2648,18,3,0.0159,"MaxFreeze=30min","ExecConf=40 Band=HIGH_RISK Spread=25 Vol=70 Trend=40 News=25 Broker=65 | MaxFreeze=30min",PENDING_ONLY
2026-07-30T09:11:07.454Z,4,"Weekend Gap",40.00,HIGH_RISK,FREEZE,0.5,0.5,2651.5,2664,2648.5,18,4,0.0119,"MaxFreeze=30min","ExecConf=40 Band=HIGH_RISK Spread=25 Vol=70 Trend=40 News=25 Broker=65 | MaxFreeze=30min",PENDING_ONLY
2026-07-30T09:11:07.454Z,5,"Weekend Gap",40.00,HIGH_RISK,FREEZE,0.5,0.5,2653.2,2664.5,2649,18,5,0.0326,"MaxFreeze=30min","ExecConf=40 Band=HIGH_RISK Spread=25 Vol=70 Trend=40 News=25 Broker=65 | MaxFreeze=30min",PENDING_ONLY
2026-07-30T09:11:07.454Z,6,"Weekend Gap",40.00,HIGH_RISK,FREEZE,0.5,0.5,2654.9,2665,2649.5,18,6,0.0273,"MaxFreeze=30min","ExecConf=40 Band=HIGH_RISK Spread=25 Vol=70 Trend=40 News=25 Broker=65 | MaxFreeze=30min",PENDING_ONLY
2026-07-30T09:11:07.454Z,7,"Weekend Gap",40.00,HIGH_RISK,FREEZE,0.5,0.5,2653,2665.5,2650,18,1,0.0271,"MaxFreeze=30min","ExecConf=40 Band=HIGH_RISK Spread=25 Vol=70 Trend=40 News=25 Broker=65 | MaxFreeze=30min",PENDING_ONLY
2026-07-30T09:11:07.454Z,8,"Weekend Gap",40.00,HIGH_RISK,FREEZE,0.5,0.5,2654.7,2666,2650.5,18,2,0.0269,"MaxFreeze=30min","ExecConf=40 Band=HIGH_RISK Spread=25 Vol=70 Trend=40 News=25 Broker=65 | MaxFreeze=30min",PENDING_ONLY
2026-07-30T09:11:07.454Z,9,"Weekend Gap",40.00,HIGH_RISK,FREEZE,0.5,0.5,2656.4,2666.5,2651,18,3,0.0270,"MaxFreeze=30min","ExecConf=40 Band=HIGH_RISK Spread=25 Vol=70 Trend=40 News=25 Broker=65 | MaxFreeze=30min",PENDING_ONLY
2026-07-30T09:11:07.454Z,10,"Weekend Gap",40.00,HIGH_RISK,FREEZE,0.5,0.5,2654.5,2667,2651.5,18,4,0.0254,"MaxFreeze=30min","ExecConf=40 Band=HIGH_RISK Spread=25 Vol=70 Trend=40 News=25 Broker=65 | MaxFreeze=30min",PENDING_ONLY
2026-07-30T09:11:07.454Z,11,"Weekend Gap",40.00,HIGH_RISK,FREEZE,0.5,0.5,2656.2,2667.5,2652,18,5,0.0249,"MaxFreeze=30min","ExecConf=40 Band=HIGH_RISK Spread=25 Vol=70 Trend=40 News=25 Broker=65 | MaxFreeze=30min",PENDING_ONLY
2026-07-30T09:11:07.454Z,12,"Weekend Gap",40.00,HIGH_RISK,FREEZE,0.5,0.5,2657.9,2668,2652.5,18,6,0.0253,"MaxFreeze=30min","ExecConf=40 Band=HIGH_RISK Spread=25 Vol=70 Trend=40 News=25 Broker=65 | MaxFreeze=30min",PENDING_ONLY
2026-07-30T09:11:07.455Z,13,"Weekend Gap",40.00,HIGH_RISK,FREEZE,0.5,0.5,2656,2668.5,2653,18,1,0.0265,"MaxFreeze=30min","ExecConf=40 Band=HIGH_RISK Spread=25 Vol=70 Trend=40 News=25 Broker=65 | MaxFreeze=30min",PENDING_ONLY
2026-07-30T09:11:07.455Z,14,"Weekend Gap",40.00,HIGH_RISK,FREEZE,0.5,0.5,2657.7,2669,2653.5,18,2,0.0260,"MaxFreeze=30min","ExecConf=40 Band=HIGH_RISK Spread=25 Vol=70 Trend=40 News=25 Broker=65 | MaxFreeze=30min",PENDING_ONLY
2026-07-30T09:11:07.455Z,15,"Weekend Gap",40.00,HIGH_RISK,FREEZE,0.5,0.5,2659.4,2669.5,2654,18,3,0.0183,"MaxFreeze=30min","ExecConf=40 Band=HIGH_RISK Spread=25 Vol=70 Trend=40 News=25 Broker=65 | MaxFreeze=30min",PENDING_ONLY
2026-07-30T09:11:07.455Z,16,"Weekend Gap",40.00,HIGH_RISK,FREEZE,0.5,0.5,2657.5,2670,2654.5,18,4,0.0125,"MaxFreeze=30min","ExecConf=40 Band=HIGH_RISK Spread=25 Vol=70 Trend=40 News=25 Broker=65 | MaxFreeze=30min",PENDING_ONLY
2026-07-30T09:11:07.455Z,17,"Weekend Gap",40.00,HIGH_RISK,FREEZE,0.5,0.5,2659.2,2670.5,2655,18,5,0.0103,"MaxFreeze=30min","ExecConf=40 Band=HIGH_RISK Spread=25 Vol=70 Trend=40 News=25 Broker=65 | MaxFreeze=30min",PENDING_ONLY
2026-07-30T09:11:07.455Z,18,"Weekend Gap",40.00,HIGH_RISK,FREEZE,0.5,0.5,2660.9,2671,2655.5,18,6,0.0094,"MaxFreeze=30min","ExecConf=40 Band=HIGH_RISK Spread=25 Vol=70 Trend=40 News=25 Broker=65 | MaxFreeze=30min",PENDING_ONLY
2026-07-30T09:11:07.455Z,19,"Weekend Gap",40.00,HIGH_RISK,FREEZE,0.5,0.5,2659,2671.5,2656,18,1,0.0095,"MaxFreeze=30min","ExecConf=40 Band=HIGH_RISK Spread=25 Vol=70 Trend=40 News=25 Broker=65 | MaxFreeze=30min",PENDING_ONLY
2026-07-30T09:11:07.455Z,20,"Weekend Gap",40.00,HIGH_RISK,FREEZE,0.5,0.5,2660.7,2672,2656.5,18,2,0.0094,"MaxFreeze=30min","ExecConf=40 Band=HIGH_RISK Spread=25 Vol=70 Trend=40 News=25 Broker=65 | MaxFreeze=30min",PENDING_ONLY
2026-07-30T09:11:07.455Z,21,"Weekend Gap",40.00,HIGH_RISK,FREEZE,0.5,0.5,2662.4,2672.5,2657,18,3,0.0101,"MaxFreeze=30min","ExecConf=40 Band=HIGH_RISK Spread=25 Vol=70 Trend=40 News=25 Broker=65 | MaxFreeze=30min",PENDING_ONLY
2026-07-30T09:11:07.455Z,22,"Weekend Gap",40.00,HIGH_RISK,FREEZE,0.5,0.5,2660.5,2673,2657.5,18,4,0.0097,"MaxFreeze=30min","ExecConf=40 Band=HIGH_RISK Spread=25 Vol=70 Trend=40 News=25 Broker=65 | MaxFreeze=30min",PENDING_ONLY
2026-07-30T09:11:07.455Z,23,"Weekend Gap",40.00,HIGH_RISK,FREEZE,0.5,0.5,2662.2,2673.5,2658,18,5,0.0097,"MaxFreeze=30min","ExecConf=40 Band=HIGH_RISK Spread=25 Vol=70 Trend=40 News=25 Broker=65 | MaxFreeze=30min",PENDING_ONLY
2026-07-30T09:11:07.455Z,24,"Weekend Gap",40.00,HIGH_RISK,FREEZE,0.5,0.5,2663.9,2674,2658.5,18,6,0.0099,"MaxFreeze=30min","ExecConf=40 Band=HIGH_RISK Spread=25 Vol=70 Trend=40 News=25 Broker=65 | MaxFreeze=30min",PENDING_ONLY
2026-07-30T09:11:07.455Z,25,"Weekend Gap",40.00,HIGH_RISK,FREEZE,0.5,0.5,2662,2674.5,2659,18,1,0.0096,"MaxFreeze=30min","ExecConf=40 Band=HIGH_RISK Spread=25 Vol=70 Trend=40 News=25 Broker=65 | MaxFreeze=30min",PENDING_ONLY
2026-07-30T09:11:07.455Z,26,"Weekend Gap",40.00,HIGH_RISK,FREEZE,0.5,0.5,2663.7,2675,2659.5,18,2,0.0099,"MaxFreeze=30min","ExecConf=40 Band=HIGH_RISK Spread=25 Vol=70 Trend=40 News=25 Broker=65 | MaxFreeze=30min",PENDING_ONLY
2026-07-30T09:11:07.455Z,27,"Weekend Gap",40.00,HIGH_RISK,FREEZE,0.5,0.5,2665.4,2675.5,2660,18,3,0.0101,"MaxFreeze=30min","ExecConf=40 Band=HIGH_RISK Spread=25 Vol=70 Trend=40 News=25 Broker=65 | MaxFreeze=30min",PENDING_ONLY
2026-07-30T09:11:07.455Z,28,"Weekend Gap",40.00,HIGH_RISK,FREEZE,0.5,0.5,2663.5,2676,2660.5,18,4,0.0103,"MaxFreeze=30min","ExecConf=40 Band=HIGH_RISK Spread=25 Vol=70 Trend=40 News=25 Broker=65 | MaxFreeze=30min",PENDING_ONLY
2026-07-30T09:11:07.455Z,29,"Weekend Gap",40.00,HIGH_RISK,FREEZE,0.5,0.5,2665.2,2676.5,2661,18,5,0.0097,"MaxFreeze=30min","ExecConf=40 Band=HIGH_RISK Spread=25 Vol=70 Trend=40 News=25 Broker=65 | MaxFreeze=30min",PENDING_ONLY
2026-07-30T09:11:07.455Z,30,"Weekend Gap",40.00,HIGH_RISK,FREEZE,0.5,0.5,2666.9,2677,2661.5,18,6,0.0105,"MaxFreeze=30min","ExecConf=40 Band=HIGH_RISK Spread=25 Vol=70 Trend=40 News=25 Broker=65 | MaxFreeze=30min",PENDING_ONLY
2026-07-30T09:11:07.455Z,31,"Weekend Gap",40.00,HIGH_RISK,FREEZE,0.5,0.5,2665,2677.5,2662,18,1,0.0101,"MaxFreeze=30min","ExecConf=40 Band=HIGH_RISK Spread=25 Vol=70 Trend=40 News=25 Broker=65 | MaxFreeze=30min",PENDING_ONLY
2026-07-30T09:11:07.455Z,32,"Weekend Gap",40.00,HIGH_RISK,FREEZE,0.5,0.5,2666.7,2678,2662.5,18,2,0.0105,"MaxFreeze=30min","ExecConf=40 Band=HIGH_RISK Spread=25 Vol=70 Trend=40 News=25 Broker=65 | MaxFreeze=30min",PENDING_ONLY
2026-07-30T09:11:07.455Z,33,"Weekend Gap",40.00,HIGH_RISK,FREEZE,0.5,0.5,2668.4,2678.5,2663,18,3,0.0106,"MaxFreeze=30min","ExecConf=40 Band=HIGH_RISK Spread=25 Vol=70 Trend=40 News=25 Broker=65 | MaxFreeze=30min",PENDING_ONLY
2026-07-30T09:11:07.455Z,34,"Weekend Gap",40.00,HIGH_RISK,FREEZE,0.5,0.5,2666.5,2679,2663.5,18,4,0.0114,"MaxFreeze=30min","ExecConf=40 Band=HIGH_RISK Spread=25 Vol=70 Trend=40 News=25 Broker=65 | MaxFreeze=30min",PENDING_ONLY
2026-07-30T09:11:07.455Z,35,"Weekend Gap",40.00,HIGH_RISK,FREEZE,0.5,0.5,2668.2,2679.5,2664,18,5,0.0131,"MaxFreeze=30min","ExecConf=40 Band=HIGH_RISK Spread=25 Vol=70 Trend=40 News=25 Broker=65 | MaxFreeze=30min",PENDING_ONLY
2026-07-30T09:11:07.456Z,36,"Weekend Gap",40.00,HIGH_RISK,FREEZE,0.5,0.5,2669.9,2680,2664.5,18,6,0.0109,"MaxFreeze=30min","ExecConf=40 Band=HIGH_RISK Spread=25 Vol=70 Trend=40 News=25 Broker=65 | MaxFreeze=30min",PENDING_ONLY
2026-07-30T09:11:07.456Z,37,"Weekend Gap",40.00,HIGH_RISK,FREEZE,0.5,0.5,2668,2680.5,2665,18,1,0.0083,"MaxFreeze=30min","ExecConf=40 Band=HIGH_RISK Spread=25 Vol=70 Trend=40 News=25 Broker=65 | MaxFreeze=30min",PENDING_ONLY
2026-07-30T09:11:07.456Z,38,"Weekend Gap",40.00,HIGH_RISK,FREEZE,0.5,0.5,2669.7,2681,2665.5,18,2,0.0110,"MaxFreeze=30min","ExecConf=40 Band=HIGH_RISK Spread=25 Vol=70 Trend=40 News=25 Broker=65 | MaxFreeze=30min",PENDING_ONLY
2026-07-30T09:11:07.456Z,39,"Weekend Gap",40.00,HIGH_RISK,FREEZE,0.5,0.5,2671.4,2681.5,2666,18,3,0.0076,"MaxFreeze=30min","ExecConf=40 Band=HIGH_RISK Spread=25 Vol=70 Trend=40 News=25 Broker=65 | MaxFreeze=30min",PENDING_ONLY
2026-07-30T09:11:07.456Z,40,"Weekend Gap",40.00,HIGH_RISK,FREEZE,0.5,0.5,2669.5,2682,2666.5,18,4,0.0068,"MaxFreeze=30min","ExecConf=40 Band=HIGH_RISK Spread=25 Vol=70 Trend=40 News=25 Broker=65 | MaxFreeze=30min",PENDING_ONLY
2026-07-30T09:11:07.456Z,41,"Weekend Gap",40.00,HIGH_RISK,FREEZE,0.5,0.5,2671.2,2682.5,2667,18,5,0.0069,"MaxFreeze=30min","ExecConf=40 Band=HIGH_RISK Spread=25 Vol=70 Trend=40 News=25 Broker=65 | MaxFreeze=30min",PENDING_ONLY
2026-07-30T09:11:07.456Z,42,"Weekend Gap",40.00,HIGH_RISK,FREEZE,0.5,0.5,2672.9,2683,2667.5,18,6,0.0069,"MaxFreeze=30min","ExecConf=40 Band=HIGH_RISK Spread=25 Vol=70 Trend=40 News=25 Broker=65 | MaxFreeze=30min",PENDING_ONLY
2026-07-30T09:11:07.456Z,43,"Weekend Gap",40.00,HIGH_RISK,FREEZE,0.5,0.5,2671,2683.5,2668,18,1,0.0067,"MaxFreeze=30min","ExecConf=40 Band=HIGH_RISK Spread=25 Vol=70 Trend=40 News=25 Broker=65 | MaxFreeze=30min",PENDING_ONLY
2026-07-30T09:11:07.456Z,44,"Weekend Gap",40.00,HIGH_RISK,FREEZE,0.5,0.5,2672.7,2684,2668.5,18,2,0.0187,"MaxFreeze=30min","ExecConf=40 Band=HIGH_RISK Spread=25 Vol=70 Trend=40 News=25 Broker=65 | MaxFreeze=30min",PENDING_ONLY
2026-07-30T09:11:07.456Z,45,"Weekend Gap",40.00,HIGH_RISK,FREEZE,0.5,0.5,2674.4,2684.5,2669,18,3,0.0107,"MaxFreeze=30min","ExecConf=40 Band=HIGH_RISK Spread=25 Vol=70 Trend=40 News=25 Broker=65 | MaxFreeze=30min",PENDING_ONLY
2026-07-30T09:11:07.456Z,46,"Weekend Gap",40.00,HIGH_RISK,FREEZE,0.5,0.5,2672.5,2685,2669.5,18,4,0.0097,"MaxFreeze=30min","ExecConf=40 Band=HIGH_RISK Spread=25 Vol=70 Trend=40 News=25 Broker=65 | MaxFreeze=30min",PENDING_ONLY
2026-07-30T09:11:07.456Z,47,"Weekend Gap",40.00,HIGH_RISK,FREEZE,0.5,0.5,2674.2,2685.5,2670,18,5,0.0098,"MaxFreeze=30min","ExecConf=40 Band=HIGH_RISK Spread=25 Vol=70 Trend=40 News=25 Broker=65 | MaxFreeze=30min",PENDING_ONLY
2026-07-30T09:11:07.456Z,48,"Weekend Gap",40.00,HIGH_RISK,FREEZE,0.5,0.5,2675.9,2686,2670.5,18,6,0.0091,"MaxFreeze=30min","ExecConf=40 Band=HIGH_RISK Spread=25 Vol=70 Trend=40 News=25 Broker=65 | MaxFreeze=30min",PENDING_ONLY
2026-07-30T09:11:07.456Z,49,"Weekend Gap",40.00,HIGH_RISK,FREEZE,0.5,0.5,2674,2686.5,2671,18,1,0.0091,"MaxFreeze=30min","ExecConf=40 Band=HIGH_RISK Spread=25 Vol=70 Trend=40 News=25 Broker=65 | MaxFreeze=30min",PENDING_ONLY
2026-07-30T09:11:07.456Z,50,"Weekend Gap",40.00,HIGH_RISK,FREEZE,0.5,0.5,2675.7,2687,2671.5,18,2,0.0094,"MaxFreeze=30min","ExecConf=40 Band=HIGH_RISK Spread=25 Vol=70 Trend=40 News=25 Broker=65 | MaxFreeze=30min",PENDING_ONLY
2026-07-30T09:11:07.456Z,1,"Spread Expansion",53.20,HIGH_RISK,FREEZE,0.5,0.5,2650,2662.5,2647,12,1,0.0089,"MaxFreeze=30min","ExecConf=53 Band=HIGH_RISK Spread=15 Vol=60 Trend=60 News=60 Broker=55 | MaxFreeze=30min",PENDING_ONLY
2026-07-30T09:11:07.456Z,2,"Spread Expansion",53.20,HIGH_RISK,FREEZE,0.5,0.5,2651.7,2663,2647.5,12,2,0.0100,"MaxFreeze=30min","ExecConf=53 Band=HIGH_RISK Spread=15 Vol=60 Trend=60 News=60 Broker=55 | MaxFreeze=30min",PENDING_ONLY
2026-07-30T09:11:07.456Z,3,"Spread Expansion",53.20,HIGH_RISK,FREEZE,0.5,0.5,2653.4,2663.5,2648,12,3,0.0099,"MaxFreeze=30min","ExecConf=53 Band=HIGH_RISK Spread=15 Vol=60 Trend=60 News=60 Broker=55 | MaxFreeze=30min",PENDING_ONLY
2026-07-30T09:11:07.456Z,4,"Spread Expansion",53.20,HIGH_RISK,FREEZE,0.5,0.5,2651.5,2664,2648.5,12,4,0.0091,"MaxFreeze=30min","ExecConf=53 Band=HIGH_RISK Spread=15 Vol=60 Trend=60 News=60 Broker=55 | MaxFreeze=30min",PENDING_ONLY
2026-07-30T09:11:07.456Z,5,"Spread Expansion",53.20,HIGH_RISK,FREEZE,0.5,0.5,2653.2,2664.5,2649,12,5,0.0096,"MaxFreeze=30min","ExecConf=53 Band=HIGH_RISK Spread=15 Vol=60 Trend=60 News=60 Broker=55 | MaxFreeze=30min",PENDING_ONLY
2026-07-30T09:11:07.456Z,6,"Spread Expansion",53.20,HIGH_RISK,FREEZE,0.5,0.5,2654.9,2665,2649.5,12,6,0.0102,"MaxFreeze=30min","ExecConf=53 Band=HIGH_RISK Spread=15 Vol=60 Trend=60 News=60 Broker=55 | MaxFreeze=30min",PENDING_ONLY
2026-07-30T09:11:07.456Z,7,"Spread Expansion",53.20,HIGH_RISK,FREEZE,0.5,0.5,2653,2665.5,2650,12,1,0.0139,"MaxFreeze=30min","ExecConf=53 Band=HIGH_RISK Spread=15 Vol=60 Trend=60 News=60 Broker=55 | MaxFreeze=30min",PENDING_ONLY
2026-07-30T09:11:07.456Z,8,"Spread Expansion",53.20,HIGH_RISK,FREEZE,0.5,0.5,2654.7,2666,2650.5,12,2,0.0796,"MaxFreeze=30min","ExecConf=53 Band=HIGH_RISK Spread=15 Vol=60 Trend=60 News=60 Broker=55 | MaxFreeze=30min",PENDING_ONLY
2026-07-30T09:11:07.457Z,9,"Spread Expansion",53.20,HIGH_RISK,FREEZE,0.5,0.5,2656.4,2666.5,2651,12,3,0.0111,"MaxFreeze=30min","ExecConf=53 Band=HIGH_RISK Spread=15 Vol=60 Trend=60 News=60 Broker=55 | MaxFreeze=30min",PENDING_ONLY
2026-07-30T09:11:07.457Z,10,"Spread Expansion",53.20,HIGH_RISK,FREEZE,0.5,0.5,2654.5,2667,2651.5,12,4,0.0102,"MaxFreeze=30min","ExecConf=53 Band=HIGH_RISK Spread=15 Vol=60 Trend=60 News=60 Broker=55 | MaxFreeze=30min",PENDING_ONLY
2026-07-30T09:11:07.457Z,11,"Spread Expansion",53.20,HIGH_RISK,FREEZE,0.5,0.5,2656.2,2667.5,2652,12,5,0.0100,"MaxFreeze=30min","ExecConf=53 Band=HIGH_RISK Spread=15 Vol=60 Trend=60 News=60 Broker=55 | MaxFreeze=30min",PENDING_ONLY
2026-07-30T09:11:07.457Z,12,"Spread Expansion",53.20,HIGH_RISK,FREEZE,0.5,0.5,2657.9,2668,2652.5,12,6,0.0106,"MaxFreeze=30min","ExecConf=53 Band=HIGH_RISK Spread=15 Vol=60 Trend=60 News=60 Broker=55 | MaxFreeze=30min",PENDING_ONLY
2026-07-30T09:11:07.457Z,13,"Spread Expansion",53.20,HIGH_RISK,FREEZE,0.5,0.5,2656,2668.5,2653,12,1,0.0100,"MaxFreeze=30min","ExecConf=53 Band=HIGH_RISK Spread=15 Vol=60 Trend=60 News=60 Broker=55 | MaxFreeze=30min",PENDING_ONLY
2026-07-30T09:11:07.457Z,14,"Spread Expansion",53.20,HIGH_RISK,FREEZE,0.5,0.5,2657.7,2669,2653.5,12,2,0.0100,"MaxFreeze=30min","ExecConf=53 Band=HIGH_RISK Spread=15 Vol=60 Trend=60 News=60 Broker=55 | MaxFreeze=30min",PENDING_ONLY
2026-07-30T09:11:07.457Z,15,"Spread Expansion",53.20,HIGH_RISK,FREEZE,0.5,0.5,2659.4,2669.5,2654,12,3,0.0100,"MaxFreeze=30min","ExecConf=53 Band=HIGH_RISK Spread=15 Vol=60 Trend=60 News=60 Broker=55 | MaxFreeze=30min",PENDING_ONLY
2026-07-30T09:11:07.457Z,16,"Spread Expansion",53.20,HIGH_RISK,FREEZE,0.5,0.5,2657.5,2670,2654.5,12,4,0.0117,"MaxFreeze=30min","ExecConf=53 Band=HIGH_RISK Spread=15 Vol=60 Trend=60 News=60 Broker=55 | MaxFreeze=30min",PENDING_ONLY
2026-07-30T09:11:07.457Z,17,"Spread Expansion",53.20,HIGH_RISK,FREEZE,0.5,0.5,2659.2,2670.5,2655,12,5,0.0110,"MaxFreeze=30min","ExecConf=53 Band=HIGH_RISK Spread=15 Vol=60 Trend=60 News=60 Broker=55 | MaxFreeze=30min",PENDING_ONLY
2026-07-30T09:11:07.457Z,18,"Spread Expansion",53.20,HIGH_RISK,FREEZE,0.5,0.5,2660.9,2671,2655.5,12,6,0.0101,"MaxFreeze=30min","ExecConf=53 Band=HIGH_RISK Spread=15 Vol=60 Trend=60 News=60 Broker=55 | MaxFreeze=30min",PENDING_ONLY
2026-07-30T09:11:07.457Z,19,"Spread Expansion",53.20,HIGH_RISK,FREEZE,0.5,0.5,2659,2671.5,2656,12,1,0.0096,"MaxFreeze=30min","ExecConf=53 Band=HIGH_RISK Spread=15 Vol=60 Trend=60 News=60 Broker=55 | MaxFreeze=30min",PENDING_ONLY
2026-07-30T09:11:07.457Z,20,"Spread Expansion",53.20,HIGH_RISK,FREEZE,0.5,0.5,2660.7,2672,2656.5,12,2,0.0105,"MaxFreeze=30min","ExecConf=53 Band=HIGH_RISK Spread=15 Vol=60 Trend=60 News=60 Broker=55 | MaxFreeze=30min",PENDING_ONLY
2026-07-30T09:11:07.457Z,21,"Spread Expansion",53.20,HIGH_RISK,FREEZE,0.5,0.5,2662.4,2672.5,2657,12,3,0.0098,"MaxFreeze=30min","ExecConf=53 Band=HIGH_RISK Spread=15 Vol=60 Trend=60 News=60 Broker=55 | MaxFreeze=30min",PENDING_ONLY
2026-07-30T09:11:07.457Z,22,"Spread Expansion",53.20,HIGH_RISK,FREEZE,0.5,0.5,2660.5,2673,2657.5,12,4,0.0100,"MaxFreeze=30min","ExecConf=53 Band=HIGH_RISK Spread=15 Vol=60 Trend=60 News=60 Broker=55 | MaxFreeze=30min",PENDING_ONLY
2026-07-30T09:11:07.457Z,23,"Spread Expansion",53.20,HIGH_RISK,FREEZE,0.5,0.5,2662.2,2673.5,2658,12,5,0.0099,"MaxFreeze=30min","ExecConf=53 Band=HIGH_RISK Spread=15 Vol=60 Trend=60 News=60 Broker=55 | MaxFreeze=30min",PENDING_ONLY
2026-07-30T09:11:07.457Z,24,"Spread Expansion",53.20,HIGH_RISK,FREEZE,0.5,0.5,2663.9,2674,2658.5,12,6,0.0098,"MaxFreeze=30min","ExecConf=53 Band=HIGH_RISK Spread=15 Vol=60 Trend=60 News=60 Broker=55 | MaxFreeze=30min",PENDING_ONLY
2026-07-30T09:11:07.457Z,25,"Spread Expansion",53.20,HIGH_RISK,FREEZE,0.5,0.5,2662,2674.5,2659,12,1,0.0100,"MaxFreeze=30min","ExecConf=53 Band=HIGH_RISK Spread=15 Vol=60 Trend=60 News=60 Broker=55 | MaxFreeze=30min",PENDING_ONLY
2026-07-30T09:11:07.457Z,26,"Spread Expansion",53.20,HIGH_RISK,FREEZE,0.5,0.5,2663.7,2675,2659.5,12,2,0.0099,"MaxFreeze=30min","ExecConf=53 Band=HIGH_RISK Spread=15 Vol=60 Trend=60 News=60 Broker=55 | MaxFreeze=30min",PENDING_ONLY
2026-07-30T09:11:07.457Z,27,"Spread Expansion",53.20,HIGH_RISK,FREEZE,0.5,0.5,2665.4,2675.5,2660,12,3,0.0101,"MaxFreeze=30min","ExecConf=53 Band=HIGH_RISK Spread=15 Vol=60 Trend=60 News=60 Broker=55 | MaxFreeze=30min",PENDING_ONLY
2026-07-30T09:11:07.457Z,28,"Spread Expansion",53.20,HIGH_RISK,FREEZE,0.5,0.5,2663.5,2676,2660.5,12,4,0.0097,"MaxFreeze=30min","ExecConf=53 Band=HIGH_RISK Spread=15 Vol=60 Trend=60 News=60 Broker=55 | MaxFreeze=30min",PENDING_ONLY
2026-07-30T09:11:07.457Z,29,"Spread Expansion",53.20,HIGH_RISK,FREEZE,0.5,0.5,2665.2,2676.5,2661,12,5,0.0100,"MaxFreeze=30min","ExecConf=53 Band=HIGH_RISK Spread=15 Vol=60 Trend=60 News=60 Broker=55 | MaxFreeze=30min",PENDING_ONLY
2026-07-30T09:11:07.457Z,30,"Spread Expansion",53.20,HIGH_RISK,FREEZE,0.5,0.5,2666.9,2677,2661.5,12,6,0.0106,"MaxFreeze=30min","ExecConf=53 Band=HIGH_RISK Spread=15 Vol=60 Trend=60 News=60 Broker=55 | MaxFreeze=30min",PENDING_ONLY
2026-07-30T09:11:07.457Z,31,"Spread Expansion",53.20,HIGH_RISK,FREEZE,0.5,0.5,2665,2677.5,2662,12,1,0.0095,"MaxFreeze=30min","ExecConf=53 Band=HIGH_RISK Spread=15 Vol=60 Trend=60 News=60 Broker=55 | MaxFreeze=30min",PENDING_ONLY
2026-07-30T09:11:07.457Z,32,"Spread Expansion",53.20,HIGH_RISK,FREEZE,0.5,0.5,2666.7,2678,2662.5,12,2,0.0096,"MaxFreeze=30min","ExecConf=53 Band=HIGH_RISK Spread=15 Vol=60 Trend=60 News=60 Broker=55 | MaxFreeze=30min",PENDING_ONLY
2026-07-30T09:11:07.457Z,33,"Spread Expansion",53.20,HIGH_RISK,FREEZE,0.5,0.5,2668.4,2678.5,2663,12,3,0.0098,"MaxFreeze=30min","ExecConf=53 Band=HIGH_RISK Spread=15 Vol=60 Trend=60 News=60 Broker=55 | MaxFreeze=30min",PENDING_ONLY
2026-07-30T09:11:07.457Z,34,"Spread Expansion",53.20,HIGH_RISK,FREEZE,0.5,0.5,2666.5,2679,2663.5,12,4,0.0102,"MaxFreeze=30min","ExecConf=53 Band=HIGH_RISK Spread=15 Vol=60 Trend=60 News=60 Broker=55 | MaxFreeze=30min",PENDING_ONLY
2026-07-30T09:11:07.458Z,35,"Spread Expansion",53.20,HIGH_RISK,FREEZE,0.5,0.5,2668.2,2679.5,2664,12,5,0.0101,"MaxFreeze=30min","ExecConf=53 Band=HIGH_RISK Spread=15 Vol=60 Trend=60 News=60 Broker=55 | MaxFreeze=30min",PENDING_ONLY
2026-07-30T09:11:07.458Z,36,"Spread Expansion",53.20,HIGH_RISK,FREEZE,0.5,0.5,2669.9,2680,2664.5,12,6,0.0101,"MaxFreeze=30min","ExecConf=53 Band=HIGH_RISK Spread=15 Vol=60 Trend=60 News=60 Broker=55 | MaxFreeze=30min",PENDING_ONLY
2026-07-30T09:11:07.458Z,37,"Spread Expansion",53.20,HIGH_RISK,FREEZE,0.5,0.5,2668,2680.5,2665,12,1,0.0097,"MaxFreeze=30min","ExecConf=53 Band=HIGH_RISK Spread=15 Vol=60 Trend=60 News=60 Broker=55 | MaxFreeze=30min",PENDING_ONLY
2026-07-30T09:11:07.458Z,38,"Spread Expansion",53.20,HIGH_RISK,FREEZE,0.5,0.5,2669.7,2681,2665.5,12,2,0.0098,"MaxFreeze=30min","ExecConf=53 Band=HIGH_RISK Spread=15 Vol=60 Trend=60 News=60 Broker=55 | MaxFreeze=30min",PENDING_ONLY
2026-07-30T09:11:07.458Z,39,"Spread Expansion",53.20,HIGH_RISK,FREEZE,0.5,0.5,2671.4,2681.5,2666,12,3,0.0102,"MaxFreeze=30min","ExecConf=53 Band=HIGH_RISK Spread=15 Vol=60 Trend=60 News=60 Broker=55 | MaxFreeze=30min",PENDING_ONLY
2026-07-30T09:11:07.458Z,40,"Spread Expansion",53.20,HIGH_RISK,FREEZE,0.5,0.5,2669.5,2682,2666.5,12,4,0.0093,"MaxFreeze=30min","ExecConf=53 Band=HIGH_RISK Spread=15 Vol=60 Trend=60 News=60 Broker=55 | MaxFreeze=30min",PENDING_ONLY
2026-07-30T09:11:07.458Z,41,"Spread Expansion",53.20,HIGH_RISK,FREEZE,0.5,0.5,2671.2,2682.5,2667,12,5,0.0102,"MaxFreeze=30min","ExecConf=53 Band=HIGH_RISK Spread=15 Vol=60 Trend=60 News=60 Broker=55 | MaxFreeze=30min",PENDING_ONLY
2026-07-30T09:11:07.458Z,42,"Spread Expansion",53.20,HIGH_RISK,FREEZE,0.5,0.5,2672.9,2683,2667.5,12,6,0.0097,"MaxFreeze=30min","ExecConf=53 Band=HIGH_RISK Spread=15 Vol=60 Trend=60 News=60 Broker=55 | MaxFreeze=30min",PENDING_ONLY
2026-07-30T09:11:07.458Z,43,"Spread Expansion",53.20,HIGH_RISK,FREEZE,0.5,0.5,2671,2683.5,2668,12,1,0.0100,"MaxFreeze=30min","ExecConf=53 Band=HIGH_RISK Spread=15 Vol=60 Trend=60 News=60 Broker=55 | MaxFreeze=30min",PENDING_ONLY
2026-07-30T09:11:07.458Z,44,"Spread Expansion",53.20,HIGH_RISK,FREEZE,0.5,0.5,2672.7,2684,2668.5,12,2,0.0093,"MaxFreeze=30min","ExecConf=53 Band=HIGH_RISK Spread=15 Vol=60 Trend=60 News=60 Broker=55 | MaxFreeze=30min",PENDING_ONLY
2026-07-30T09:11:07.458Z,45,"Spread Expansion",53.20,HIGH_RISK,FREEZE,0.5,0.5,2674.4,2684.5,2669,12,3,0.0092,"MaxFreeze=30min","ExecConf=53 Band=HIGH_RISK Spread=15 Vol=60 Trend=60 News=60 Broker=55 | MaxFreeze=30min",PENDING_ONLY
2026-07-30T09:11:07.458Z,46,"Spread Expansion",53.20,HIGH_RISK,FREEZE,0.5,0.5,2672.5,2685,2669.5,12,4,0.0094,"MaxFreeze=30min","ExecConf=53 Band=HIGH_RISK Spread=15 Vol=60 Trend=60 News=60 Broker=55 | MaxFreeze=30min",PENDING_ONLY
2026-07-30T09:11:07.458Z,47,"Spread Expansion",53.20,HIGH_RISK,FREEZE,0.5,0.5,2674.2,2685.5,2670,12,5,0.0093,"MaxFreeze=30min","ExecConf=53 Band=HIGH_RISK Spread=15 Vol=60 Trend=60 News=60 Broker=55 | MaxFreeze=30min",PENDING_ONLY
2026-07-30T09:11:07.458Z,48,"Spread Expansion",53.20,HIGH_RISK,FREEZE,0.5,0.5,2675.9,2686,2670.5,12,6,0.0090,"MaxFreeze=30min","ExecConf=53 Band=HIGH_RISK Spread=15 Vol=60 Trend=60 News=60 Broker=55 | MaxFreeze=30min",PENDING_ONLY
2026-07-30T09:11:07.458Z,49,"Spread Expansion",53.20,HIGH_RISK,FREEZE,0.5,0.5,2674,2686.5,2671,12,1,0.0096,"MaxFreeze=30min","ExecConf=53 Band=HIGH_RISK Spread=15 Vol=60 Trend=60 News=60 Broker=55 | MaxFreeze=30min",PENDING_ONLY
2026-07-30T09:11:07.458Z,50,"Spread Expansion",53.20,HIGH_RISK,FREEZE,0.5,0.5,2675.7,2687,2671.5,12,2,0.0094,"MaxFreeze=30min","ExecConf=53 Band=HIGH_RISK Spread=15 Vol=60 Trend=60 News=60 Broker=55 | MaxFreeze=30min",PENDING_ONLY
2026-07-30T09:11:07.458Z,1,"Broker Slippage",56.40,HIGH_RISK,FREEZE,0.5,0.5,2650,2662.5,2647,11,1,0.0088,"MaxFreeze=30min","ExecConf=56 Band=HIGH_RISK Spread=45 Vol=55 Trend=65 News=70 Broker=25 | MaxFreeze=30min",PENDING_ONLY
2026-07-30T09:11:07.458Z,2,"Broker Slippage",56.40,HIGH_RISK,FREEZE,0.5,0.5,2651.7,2663,2647.5,11,2,0.0093,"MaxFreeze=30min","ExecConf=56 Band=HIGH_RISK Spread=45 Vol=55 Trend=65 News=70 Broker=25 | MaxFreeze=30min",PENDING_ONLY
2026-07-30T09:11:07.458Z,3,"Broker Slippage",56.40,HIGH_RISK,FREEZE,0.5,0.5,2653.4,2663.5,2648,11,3,0.0096,"MaxFreeze=30min","ExecConf=56 Band=HIGH_RISK Spread=45 Vol=55 Trend=65 News=70 Broker=25 | MaxFreeze=30min",PENDING_ONLY
2026-07-30T09:11:07.458Z,4,"Broker Slippage",56.40,HIGH_RISK,FREEZE,0.5,0.5,2651.5,2664,2648.5,11,4,0.0094,"MaxFreeze=30min","ExecConf=56 Band=HIGH_RISK Spread=45 Vol=55 Trend=65 News=70 Broker=25 | MaxFreeze=30min",PENDING_ONLY
2026-07-30T09:11:07.458Z,5,"Broker Slippage",56.40,HIGH_RISK,FREEZE,0.5,0.5,2653.2,2664.5,2649,11,5,0.0091,"MaxFreeze=30min","ExecConf=56 Band=HIGH_RISK Spread=45 Vol=55 Trend=65 News=70 Broker=25 | MaxFreeze=30min",PENDING_ONLY
2026-07-30T09:11:07.458Z,6,"Broker Slippage",56.40,HIGH_RISK,FREEZE,0.5,0.5,2654.9,2665,2649.5,11,6,0.0097,"MaxFreeze=30min","ExecConf=56 Band=HIGH_RISK Spread=45 Vol=55 Trend=65 News=70 Broker=25 | MaxFreeze=30min",PENDING_ONLY
2026-07-30T09:11:07.458Z,7,"Broker Slippage",56.40,HIGH_RISK,FREEZE,0.5,0.5,2653,2665.5,2650,11,1,0.0088,"MaxFreeze=30min","ExecConf=56 Band=HIGH_RISK Spread=45 Vol=55 Trend=65 News=70 Broker=25 | MaxFreeze=30min",PENDING_ONLY
2026-07-30T09:11:07.459Z,8,"Broker Slippage",56.40,HIGH_RISK,FREEZE,0.5,0.5,2654.7,2666,2650.5,11,2,0.0088,"MaxFreeze=30min","ExecConf=56 Band=HIGH_RISK Spread=45 Vol=55 Trend=65 News=70 Broker=25 | MaxFreeze=30min",PENDING_ONLY
2026-07-30T09:11:07.459Z,9,"Broker Slippage",56.40,HIGH_RISK,FREEZE,0.5,0.5,2656.4,2666.5,2651,11,3,0.0153,"MaxFreeze=30min","ExecConf=56 Band=HIGH_RISK Spread=45 Vol=55 Trend=65 News=70 Broker=25 | MaxFreeze=30min",PENDING_ONLY
2026-07-30T09:11:07.459Z,10,"Broker Slippage",56.40,HIGH_RISK,FREEZE,0.5,0.5,2654.5,2667,2651.5,11,4,0.0103,"MaxFreeze=30min","ExecConf=56 Band=HIGH_RISK Spread=45 Vol=55 Trend=65 News=70 Broker=25 | MaxFreeze=30min",PENDING_ONLY
2026-07-30T09:11:07.459Z,11,"Broker Slippage",56.40,HIGH_RISK,FREEZE,0.5,0.5,2656.2,2667.5,2652,11,5,0.0095,"MaxFreeze=30min","ExecConf=56 Band=HIGH_RISK Spread=45 Vol=55 Trend=65 News=70 Broker=25 | MaxFreeze=30min",PENDING_ONLY
2026-07-30T09:11:07.459Z,12,"Broker Slippage",56.40,HIGH_RISK,FREEZE,0.5,0.5,2657.9,2668,2652.5,11,6,0.0096,"MaxFreeze=30min","ExecConf=56 Band=HIGH_RISK Spread=45 Vol=55 Trend=65 News=70 Broker=25 | MaxFreeze=30min",PENDING_ONLY
2026-07-30T09:11:07.459Z,13,"Broker Slippage",56.40,HIGH_RISK,FREEZE,0.5,0.5,2656,2668.5,2653,11,1,0.0099,"MaxFreeze=30min","ExecConf=56 Band=HIGH_RISK Spread=45 Vol=55 Trend=65 News=70 Broker=25 | MaxFreeze=30min",PENDING_ONLY
2026-07-30T09:11:07.459Z,14,"Broker Slippage",56.40,HIGH_RISK,FREEZE,0.5,0.5,2657.7,2669,2653.5,11,2,0.0089,"MaxFreeze=30min","ExecConf=56 Band=HIGH_RISK Spread=45 Vol=55 Trend=65 News=70 Broker=25 | MaxFreeze=30min",PENDING_ONLY
2026-07-30T09:11:07.459Z,15,"Broker Slippage",56.40,HIGH_RISK,FREEZE,0.5,0.5,2659.4,2669.5,2654,11,3,0.0100,"MaxFreeze=30min","ExecConf=56 Band=HIGH_RISK Spread=45 Vol=55 Trend=65 News=70 Broker=25 | MaxFreeze=30min",PENDING_ONLY
2026-07-30T09:11:07.459Z,16,"Broker Slippage",56.40,HIGH_RISK,FREEZE,0.5,0.5,2657.5,2670,2654.5,11,4,0.0097,"MaxFreeze=30min","ExecConf=56 Band=HIGH_RISK Spread=45 Vol=55 Trend=65 News=70 Broker=25 | MaxFreeze=30min",PENDING_ONLY
2026-07-30T09:11:07.459Z,17,"Broker Slippage",56.40,HIGH_RISK,FREEZE,0.5,0.5,2659.2,2670.5,2655,11,5,0.0091,"MaxFreeze=30min","ExecConf=56 Band=HIGH_RISK Spread=45 Vol=55 Trend=65 News=70 Broker=25 | MaxFreeze=30min",PENDING_ONLY
2026-07-30T09:11:07.459Z,18,"Broker Slippage",56.40,HIGH_RISK,FREEZE,0.5,0.5,2660.9,2671,2655.5,11,6,0.0095,"MaxFreeze=30min","ExecConf=56 Band=HIGH_RISK Spread=45 Vol=55 Trend=65 News=70 Broker=25 | MaxFreeze=30min",PENDING_ONLY
2026-07-30T09:11:07.459Z,19,"Broker Slippage",56.40,HIGH_RISK,FREEZE,0.5,0.5,2659,2671.5,2656,11,1,0.0090,"MaxFreeze=30min","ExecConf=56 Band=HIGH_RISK Spread=45 Vol=55 Trend=65 News=70 Broker=25 | MaxFreeze=30min",PENDING_ONLY
2026-07-30T09:11:07.460Z,20,"Broker Slippage",56.40,HIGH_RISK,FREEZE,0.5,0.5,2660.7,2672,2656.5,11,2,0.0090,"MaxFreeze=30min","ExecConf=56 Band=HIGH_RISK Spread=45 Vol=55 Trend=65 News=70 Broker=25 | MaxFreeze=30min",PENDING_ONLY
2026-07-30T09:11:07.460Z,21,"Broker Slippage",56.40,HIGH_RISK,FREEZE,0.5,0.5,2662.4,2672.5,2657,11,3,0.0091,"MaxFreeze=30min","ExecConf=56 Band=HIGH_RISK Spread=45 Vol=55 Trend=65 News=70 Broker=25 | MaxFreeze=30min",PENDING_ONLY
2026-07-30T09:11:07.460Z,22,"Broker Slippage",56.40,HIGH_RISK,FREEZE,0.5,0.5,2660.5,2673,2657.5,11,4,0.0093,"MaxFreeze=30min","ExecConf=56 Band=HIGH_RISK Spread=45 Vol=55 Trend=65 News=70 Broker=25 | MaxFreeze=30min",PENDING_ONLY
2026-07-30T09:11:07.460Z,23,"Broker Slippage",56.40,HIGH_RISK,FREEZE,0.5,0.5,2662.2,2673.5,2658,11,5,0.0070,"MaxFreeze=30min","ExecConf=56 Band=HIGH_RISK Spread=45 Vol=55 Trend=65 News=70 Broker=25 | MaxFreeze=30min",PENDING_ONLY
2026-07-30T09:11:07.460Z,24,"Broker Slippage",56.40,HIGH_RISK,FREEZE,0.5,0.5,2663.9,2674,2658.5,11,6,0.0058,"MaxFreeze=30min","ExecConf=56 Band=HIGH_RISK Spread=45 Vol=55 Trend=65 News=70 Broker=25 | MaxFreeze=30min",PENDING_ONLY
2026-07-30T09:11:07.460Z,25,"Broker Slippage",56.40,HIGH_RISK,FREEZE,0.5,0.5,2662,2674.5,2659,11,1,0.0073,"MaxFreeze=30min","ExecConf=56 Band=HIGH_RISK Spread=45 Vol=55 Trend=65 News=70 Broker=25 | MaxFreeze=30min",PENDING_ONLY
2026-07-30T09:11:07.460Z,26,"Broker Slippage",56.40,HIGH_RISK,FREEZE,0.5,0.5,2663.7,2675,2659.5,11,2,0.0061,"MaxFreeze=30min","ExecConf=56 Band=HIGH_RISK Spread=45 Vol=55 Trend=65 News=70 Broker=25 | MaxFreeze=30min",PENDING_ONLY
2026-07-30T09:11:07.460Z,27,"Broker Slippage",56.40,HIGH_RISK,FREEZE,0.5,0.5,2665.4,2675.5,2660,11,3,0.0137,"MaxFreeze=30min","ExecConf=56 Band=HIGH_RISK Spread=45 Vol=55 Trend=65 News=70 Broker=25 | MaxFreeze=30min",PENDING_ONLY
2026-07-30T09:11:07.460Z,28,"Broker Slippage",56.40,HIGH_RISK,FREEZE,0.5,0.5,2663.5,2676,2660.5,11,4,0.0053,"MaxFreeze=30min","ExecConf=56 Band=HIGH_RISK Spread=45 Vol=55 Trend=65 News=70 Broker=25 | MaxFreeze=30min",PENDING_ONLY
2026-07-30T09:11:07.460Z,29,"Broker Slippage",56.40,HIGH_RISK,FREEZE,0.5,0.5,2665.2,2676.5,2661,11,5,0.0041,"MaxFreeze=30min","ExecConf=56 Band=HIGH_RISK Spread=45 Vol=55 Trend=65 News=70 Broker=25 | MaxFreeze=30min",PENDING_ONLY
2026-07-30T09:11:07.460Z,30,"Broker Slippage",56.40,HIGH_RISK,FREEZE,0.5,0.5,2666.9,2677,2661.5,11,6,0.0034,"MaxFreeze=30min","ExecConf=56 Band=HIGH_RISK Spread=45 Vol=55 Trend=65 News=70 Broker=25 | MaxFreeze=30min",PENDING_ONLY
2026-07-30T09:11:07.460Z,31,"Broker Slippage",56.40,HIGH_RISK,FREEZE,0.5,0.5,2665,2677.5,2662,11,1,0.0033,"MaxFreeze=30min","ExecConf=56 Band=HIGH_RISK Spread=45 Vol=55 Trend=65 News=70 Broker=25 | MaxFreeze=30min",PENDING_ONLY
2026-07-30T09:11:07.460Z,32,"Broker Slippage",56.40,HIGH_RISK,FREEZE,0.5,0.5,2666.7,2678,2662.5,11,2,0.0033,"MaxFreeze=30min","ExecConf=56 Band=HIGH_RISK Spread=45 Vol=55 Trend=65 News=70 Broker=25 | MaxFreeze=30min",PENDING_ONLY
2026-07-30T09:11:07.460Z,33,"Broker Slippage",56.40,HIGH_RISK,FREEZE,0.5,0.5,2668.4,2678.5,2663,11,3,0.0033,"MaxFreeze=30min","ExecConf=56 Band=HIGH_RISK Spread=45 Vol=55 Trend=65 News=70 Broker=25 | MaxFreeze=30min",PENDING_ONLY
2026-07-30T09:11:07.460Z,34,"Broker Slippage",56.40,HIGH_RISK,FREEZE,0.5,0.5,2666.5,2679,2663.5,11,4,0.0038,"MaxFreeze=30min","ExecConf=56 Band=HIGH_RISK Spread=45 Vol=55 Trend=65 News=70 Broker=25 | MaxFreeze=30min",PENDING_ONLY
2026-07-30T09:11:07.460Z,35,"Broker Slippage",56.40,HIGH_RISK,FREEZE,0.5,0.5,2668.2,2679.5,2664,11,5,0.0033,"MaxFreeze=30min","ExecConf=56 Band=HIGH_RISK Spread=45 Vol=55 Trend=65 News=70 Broker=25 | MaxFreeze=30min",PENDING_ONLY
2026-07-30T09:11:07.460Z,36,"Broker Slippage",56.40,HIGH_RISK,FREEZE,0.5,0.5,2669.9,2680,2664.5,11,6,0.0052,"MaxFreeze=30min","ExecConf=56 Band=HIGH_RISK Spread=45 Vol=55 Trend=65 News=70 Broker=25 | MaxFreeze=30min",PENDING_ONLY
2026-07-30T09:11:07.460Z,37,"Broker Slippage",56.40,HIGH_RISK,FREEZE,0.5,0.5,2668,2680.5,2665,11,1,0.0036,"MaxFreeze=30min","ExecConf=56 Band=HIGH_RISK Spread=45 Vol=55 Trend=65 News=70 Broker=25 | MaxFreeze=30min",PENDING_ONLY
2026-07-30T09:11:07.460Z,38,"Broker Slippage",56.40,HIGH_RISK,FREEZE,0.5,0.5,2669.7,2681,2665.5,11,2,0.0033,"MaxFreeze=30min","ExecConf=56 Band=HIGH_RISK Spread=45 Vol=55 Trend=65 News=70 Broker=25 | MaxFreeze=30min",PENDING_ONLY
2026-07-30T09:11:07.460Z,39,"Broker Slippage",56.40,HIGH_RISK,FREEZE,0.5,0.5,2671.4,2681.5,2666,11,3,0.0052,"MaxFreeze=30min","ExecConf=56 Band=HIGH_RISK Spread=45 Vol=55 Trend=65 News=70 Broker=25 | MaxFreeze=30min",PENDING_ONLY
2026-07-30T09:11:07.460Z,40,"Broker Slippage",56.40,HIGH_RISK,FREEZE,0.5,0.5,2669.5,2682,2666.5,11,4,0.0051,"MaxFreeze=30min","ExecConf=56 Band=HIGH_RISK Spread=45 Vol=55 Trend=65 News=70 Broker=25 | MaxFreeze=30min",PENDING_ONLY
2026-07-30T09:11:07.460Z,41,"Broker Slippage",56.40,HIGH_RISK,FREEZE,0.5,0.5,2671.2,2682.5,2667,11,5,0.0055,"MaxFreeze=30min","ExecConf=56 Band=HIGH_RISK Spread=45 Vol=55 Trend=65 News=70 Broker=25 | MaxFreeze=30min",PENDING_ONLY
2026-07-30T09:11:07.460Z,42,"Broker Slippage",56.40,HIGH_RISK,FREEZE,0.5,0.5,2672.9,2683,2667.5,11,6,0.0037,"MaxFreeze=30min","ExecConf=56 Band=HIGH_RISK Spread=45 Vol=55 Trend=65 News=70 Broker=25 | MaxFreeze=30min",PENDING_ONLY
2026-07-30T09:11:07.460Z,43,"Broker Slippage",56.40,HIGH_RISK,FREEZE,0.5,0.5,2671,2683.5,2668,11,1,0.0048,"MaxFreeze=30min","ExecConf=56 Band=HIGH_RISK Spread=45 Vol=55 Trend=65 News=70 Broker=25 | MaxFreeze=30min",PENDING_ONLY
2026-07-30T09:11:07.460Z,44,"Broker Slippage",56.40,HIGH_RISK,FREEZE,0.5,0.5,2672.7,2684,2668.5,11,2,0.0052,"MaxFreeze=30min","ExecConf=56 Band=HIGH_RISK Spread=45 Vol=55 Trend=65 News=70 Broker=25 | MaxFreeze=30min",PENDING_ONLY
2026-07-30T09:11:07.460Z,45,"Broker Slippage",56.40,HIGH_RISK,FREEZE,0.5,0.5,2674.4,2684.5,2669,11,3,0.0052,"MaxFreeze=30min","ExecConf=56 Band=HIGH_RISK Spread=45 Vol=55 Trend=65 News=70 Broker=25 | MaxFreeze=30min",PENDING_ONLY
2026-07-30T09:11:07.460Z,46,"Broker Slippage",56.40,HIGH_RISK,FREEZE,0.5,0.5,2672.5,2685,2669.5,11,4,0.0052,"MaxFreeze=30min","ExecConf=56 Band=HIGH_RISK Spread=45 Vol=55 Trend=65 News=70 Broker=25 | MaxFreeze=30min",PENDING_ONLY
2026-07-30T09:11:07.460Z,47,"Broker Slippage",56.40,HIGH_RISK,FREEZE,0.5,0.5,2674.2,2685.5,2670,11,5,0.0047,"MaxFreeze=30min","ExecConf=56 Band=HIGH_RISK Spread=45 Vol=55 Trend=65 News=70 Broker=25 | MaxFreeze=30min",PENDING_ONLY
2026-07-30T09:11:07.460Z,48,"Broker Slippage",56.40,HIGH_RISK,FREEZE,0.5,0.5,2675.9,2686,2670.5,11,6,0.0049,"MaxFreeze=30min","ExecConf=56 Band=HIGH_RISK Spread=45 Vol=55 Trend=65 News=70 Broker=25 | MaxFreeze=30min",PENDING_ONLY
2026-07-30T09:11:07.460Z,49,"Broker Slippage",56.40,HIGH_RISK,FREEZE,0.5,0.5,2674,2686.5,2671,11,1,0.0050,"MaxFreeze=30min","ExecConf=56 Band=HIGH_RISK Spread=45 Vol=55 Trend=65 News=70 Broker=25 | MaxFreeze=30min",PENDING_ONLY
2026-07-30T09:11:07.461Z,50,"Broker Slippage",56.40,HIGH_RISK,FREEZE,0.5,0.5,2675.7,2687,2671.5,11,2,0.0052,"MaxFreeze=30min","ExecConf=56 Band=HIGH_RISK Spread=45 Vol=55 Trend=65 News=70 Broker=25 | MaxFreeze=30min",PENDING_ONLY
2026-07-30T09:11:07.461Z,1,"Latency",61.70,CAUTION,REDUCE_LOT,0.5,0.25,2650,2662.5,2647,10,1,0.0182,"MaxLotReduction=50%","ExecConf=62 Band=CAUTION Spread=60 Vol=50 Trend=70 News=75 Broker=40 | MaxLotReduction=50%",PENDING_ONLY
2026-07-30T09:11:07.461Z,2,"Latency",61.70,CAUTION,REDUCE_LOT,0.5,0.25,2651.7,2663,2647.5,10,2,0.0080,"MaxLotReduction=50%","ExecConf=62 Band=CAUTION Spread=60 Vol=50 Trend=70 News=75 Broker=40 | MaxLotReduction=50%",PENDING_ONLY
2026-07-30T09:11:07.461Z,3,"Latency",61.70,CAUTION,REDUCE_LOT,0.5,0.25,2653.4,2663.5,2648,10,3,0.0083,"MaxLotReduction=50%","ExecConf=62 Band=CAUTION Spread=60 Vol=50 Trend=70 News=75 Broker=40 | MaxLotReduction=50%",PENDING_ONLY
2026-07-30T09:11:07.461Z,4,"Latency",61.70,CAUTION,REDUCE_LOT,0.5,0.25,2651.5,2664,2648.5,10,4,0.0078,"MaxLotReduction=50%","ExecConf=62 Band=CAUTION Spread=60 Vol=50 Trend=70 News=75 Broker=40 | MaxLotReduction=50%",PENDING_ONLY
2026-07-30T09:11:07.461Z,5,"Latency",61.70,CAUTION,REDUCE_LOT,0.5,0.25,2653.2,2664.5,2649,10,5,0.0077,"MaxLotReduction=50%","ExecConf=62 Band=CAUTION Spread=60 Vol=50 Trend=70 News=75 Broker=40 | MaxLotReduction=50%",PENDING_ONLY
2026-07-30T09:11:07.461Z,6,"Latency",61.70,CAUTION,REDUCE_LOT,0.5,0.25,2654.9,2665,2649.5,10,6,0.0079,"MaxLotReduction=50%","ExecConf=62 Band=CAUTION Spread=60 Vol=50 Trend=70 News=75 Broker=40 | MaxLotReduction=50%",PENDING_ONLY
2026-07-30T09:11:07.461Z,7,"Latency",61.70,CAUTION,REDUCE_LOT,0.5,0.25,2653,2665.5,2650,10,1,0.0080,"MaxLotReduction=50%","ExecConf=62 Band=CAUTION Spread=60 Vol=50 Trend=70 News=75 Broker=40 | MaxLotReduction=50%",PENDING_ONLY
2026-07-30T09:11:07.461Z,8,"Latency",61.70,CAUTION,REDUCE_LOT,0.5,0.25,2654.7,2666,2650.5,10,2,0.0078,"MaxLotReduction=50%","ExecConf=62 Band=CAUTION Spread=60 Vol=50 Trend=70 News=75 Broker=40 | MaxLotReduction=50%",PENDING_ONLY
2026-07-30T09:11:07.461Z,9,"Latency",61.70,CAUTION,REDUCE_LOT,0.5,0.25,2656.4,2666.5,2651,10,3,0.0077,"MaxLotReduction=50%","ExecConf=62 Band=CAUTION Spread=60 Vol=50 Trend=70 News=75 Broker=40 | MaxLotReduction=50%",PENDING_ONLY
2026-07-30T09:11:07.461Z,10,"Latency",61.70,CAUTION,REDUCE_LOT,0.5,0.25,2654.5,2667,2651.5,10,4,0.0077,"MaxLotReduction=50%","ExecConf=62 Band=CAUTION Spread=60 Vol=50 Trend=70 News=75 Broker=40 | MaxLotReduction=50%",PENDING_ONLY
2026-07-30T09:11:07.461Z,11,"Latency",61.70,CAUTION,REDUCE_LOT,0.5,0.25,2656.2,2667.5,2652,10,5,0.0086,"MaxLotReduction=50%","ExecConf=62 Band=CAUTION Spread=60 Vol=50 Trend=70 News=75 Broker=40 | MaxLotReduction=50%",PENDING_ONLY
2026-07-30T09:11:07.461Z,12,"Latency",61.70,CAUTION,REDUCE_LOT,0.5,0.25,2657.9,2668,2652.5,10,6,0.0079,"MaxLotReduction=50%","ExecConf=62 Band=CAUTION Spread=60 Vol=50 Trend=70 News=75 Broker=40 | MaxLotReduction=50%",PENDING_ONLY
2026-07-30T09:11:07.461Z,13,"Latency",61.70,CAUTION,REDUCE_LOT,0.5,0.25,2656,2668.5,2653,10,1,0.0082,"MaxLotReduction=50%","ExecConf=62 Band=CAUTION Spread=60 Vol=50 Trend=70 News=75 Broker=40 | MaxLotReduction=50%",PENDING_ONLY
2026-07-30T09:11:07.461Z,14,"Latency",61.70,CAUTION,REDUCE_LOT,0.5,0.25,2657.7,2669,2653.5,10,2,0.0085,"MaxLotReduction=50%","ExecConf=62 Band=CAUTION Spread=60 Vol=50 Trend=70 News=75 Broker=40 | MaxLotReduction=50%",PENDING_ONLY
2026-07-30T09:11:07.461Z,15,"Latency",61.70,CAUTION,REDUCE_LOT,0.5,0.25,2659.4,2669.5,2654,10,3,0.0086,"MaxLotReduction=50%","ExecConf=62 Band=CAUTION Spread=60 Vol=50 Trend=70 News=75 Broker=40 | MaxLotReduction=50%",PENDING_ONLY
2026-07-30T09:11:07.461Z,16,"Latency",61.70,CAUTION,REDUCE_LOT,0.5,0.25,2657.5,2670,2654.5,10,4,0.0097,"MaxLotReduction=50%","ExecConf=62 Band=CAUTION Spread=60 Vol=50 Trend=70 News=75 Broker=40 | MaxLotReduction=50%",PENDING_ONLY
2026-07-30T09:11:07.461Z,17,"Latency",61.70,CAUTION,REDUCE_LOT,0.5,0.25,2659.2,2670.5,2655,10,5,0.0089,"MaxLotReduction=50%","ExecConf=62 Band=CAUTION Spread=60 Vol=50 Trend=70 News=75 Broker=40 | MaxLotReduction=50%",PENDING_ONLY
2026-07-30T09:11:07.461Z,18,"Latency",61.70,CAUTION,REDUCE_LOT,0.5,0.25,2660.9,2671,2655.5,10,6,0.0093,"MaxLotReduction=50%","ExecConf=62 Band=CAUTION Spread=60 Vol=50 Trend=70 News=75 Broker=40 | MaxLotReduction=50%",PENDING_ONLY
2026-07-30T09:11:07.461Z,19,"Latency",61.70,CAUTION,REDUCE_LOT,0.5,0.25,2659,2671.5,2656,10,1,0.0089,"MaxLotReduction=50%","ExecConf=62 Band=CAUTION Spread=60 Vol=50 Trend=70 News=75 Broker=40 | MaxLotReduction=50%",PENDING_ONLY
2026-07-30T09:11:07.461Z,20,"Latency",61.70,CAUTION,REDUCE_LOT,0.5,0.25,2660.7,2672,2656.5,10,2,0.0088,"MaxLotReduction=50%","ExecConf=62 Band=CAUTION Spread=60 Vol=50 Trend=70 News=75 Broker=40 | MaxLotReduction=50%",PENDING_ONLY
2026-07-30T09:11:07.461Z,21,"Latency",61.70,CAUTION,REDUCE_LOT,0.5,0.25,2662.4,2672.5,2657,10,3,0.0089,"MaxLotReduction=50%","ExecConf=62 Band=CAUTION Spread=60 Vol=50 Trend=70 News=75 Broker=40 | MaxLotReduction=50%",PENDING_ONLY
2026-07-30T09:11:07.461Z,22,"Latency",61.70,CAUTION,REDUCE_LOT,0.5,0.25,2660.5,2673,2657.5,10,4,0.0085,"MaxLotReduction=50%","ExecConf=62 Band=CAUTION Spread=60 Vol=50 Trend=70 News=75 Broker=40 | MaxLotReduction=50%",PENDING_ONLY
2026-07-30T09:11:07.461Z,23,"Latency",61.70,CAUTION,REDUCE_LOT,0.5,0.25,2662.2,2673.5,2658,10,5,0.0083,"MaxLotReduction=50%","ExecConf=62 Band=CAUTION Spread=60 Vol=50 Trend=70 News=75 Broker=40 | MaxLotReduction=50%",PENDING_ONLY
2026-07-30T09:11:07.461Z,24,"Latency",61.70,CAUTION,REDUCE_LOT,0.5,0.25,2663.9,2674,2658.5,10,6,0.0089,"MaxLotReduction=50%","ExecConf=62 Band=CAUTION Spread=60 Vol=50 Trend=70 News=75 Broker=40 | MaxLotReduction=50%",PENDING_ONLY
2026-07-30T09:11:07.461Z,25,"Latency",61.70,CAUTION,REDUCE_LOT,0.5,0.25,2662,2674.5,2659,10,1,0.0087,"MaxLotReduction=50%","ExecConf=62 Band=CAUTION Spread=60 Vol=50 Trend=70 News=75 Broker=40 | MaxLotReduction=50%",PENDING_ONLY
2026-07-30T09:11:07.461Z,26,"Latency",61.70,CAUTION,REDUCE_LOT,0.5,0.25,2663.7,2675,2659.5,10,2,0.0084,"MaxLotReduction=50%","ExecConf=62 Band=CAUTION Spread=60 Vol=50 Trend=70 News=75 Broker=40 | MaxLotReduction=50%",PENDING_ONLY
2026-07-30T09:11:07.462Z,27,"Latency",61.70,CAUTION,REDUCE_LOT,0.5,0.25,2665.4,2675.5,2660,10,3,0.0085,"MaxLotReduction=50%","ExecConf=62 Band=CAUTION Spread=60 Vol=50 Trend=70 News=75 Broker=40 | MaxLotReduction=50%",PENDING_ONLY
2026-07-30T09:11:07.462Z,28,"Latency",61.70,CAUTION,REDUCE_LOT,0.5,0.25,2663.5,2676,2660.5,10,4,0.0083,"MaxLotReduction=50%","ExecConf=62 Band=CAUTION Spread=60 Vol=50 Trend=70 News=75 Broker=40 | MaxLotReduction=50%",PENDING_ONLY
2026-07-30T09:11:07.462Z,29,"Latency",61.70,CAUTION,REDUCE_LOT,0.5,0.25,2665.2,2676.5,2661,10,5,0.0089,"MaxLotReduction=50%","ExecConf=62 Band=CAUTION Spread=60 Vol=50 Trend=70 News=75 Broker=40 | MaxLotReduction=50%",PENDING_ONLY
2026-07-30T09:11:07.462Z,30,"Latency",61.70,CAUTION,REDUCE_LOT,0.5,0.25,2666.9,2677,2661.5,10,6,0.0087,"MaxLotReduction=50%","ExecConf=62 Band=CAUTION Spread=60 Vol=50 Trend=70 News=75 Broker=40 | MaxLotReduction=50%",PENDING_ONLY
2026-07-30T09:11:07.462Z,31,"Latency",61.70,CAUTION,REDUCE_LOT,0.5,0.25,2665,2677.5,2662,10,1,0.0082,"MaxLotReduction=50%","ExecConf=62 Band=CAUTION Spread=60 Vol=50 Trend=70 News=75 Broker=40 | MaxLotReduction=50%",PENDING_ONLY
2026-07-30T09:11:07.462Z,32,"Latency",61.70,CAUTION,REDUCE_LOT,0.5,0.25,2666.7,2678,2662.5,10,2,0.0085,"MaxLotReduction=50%","ExecConf=62 Band=CAUTION Spread=60 Vol=50 Trend=70 News=75 Broker=40 | MaxLotReduction=50%",PENDING_ONLY
2026-07-30T09:11:07.462Z,33,"Latency",61.70,CAUTION,REDUCE_LOT,0.5,0.25,2668.4,2678.5,2663,10,3,0.0087,"MaxLotReduction=50%","ExecConf=62 Band=CAUTION Spread=60 Vol=50 Trend=70 News=75 Broker=40 | MaxLotReduction=50%",PENDING_ONLY
2026-07-30T09:11:07.462Z,34,"Latency",61.70,CAUTION,REDUCE_LOT,0.5,0.25,2666.5,2679,2663.5,10,4,0.0086,"MaxLotReduction=50%","ExecConf=62 Band=CAUTION Spread=60 Vol=50 Trend=70 News=75 Broker=40 | MaxLotReduction=50%",PENDING_ONLY
2026-07-30T09:11:07.462Z,35,"Latency",61.70,CAUTION,REDUCE_LOT,0.5,0.25,2668.2,2679.5,2664,10,5,0.0089,"MaxLotReduction=50%","ExecConf=62 Band=CAUTION Spread=60 Vol=50 Trend=70 News=75 Broker=40 | MaxLotReduction=50%",PENDING_ONLY
2026-07-30T09:11:07.462Z,36,"Latency",61.70,CAUTION,REDUCE_LOT,0.5,0.25,2669.9,2680,2664.5,10,6,0.0073,"MaxLotReduction=50%","ExecConf=62 Band=CAUTION Spread=60 Vol=50 Trend=70 News=75 Broker=40 | MaxLotReduction=50%",PENDING_ONLY
2026-07-30T09:11:07.462Z,37,"Latency",61.70,CAUTION,REDUCE_LOT,0.5,0.25,2668,2680.5,2665,10,1,0.0081,"MaxLotReduction=50%","ExecConf=62 Band=CAUTION Spread=60 Vol=50 Trend=70 News=75 Broker=40 | MaxLotReduction=50%",PENDING_ONLY
2026-07-30T09:11:07.462Z,38,"Latency",61.70,CAUTION,REDUCE_LOT,0.5,0.25,2669.7,2681,2665.5,10,2,0.0087,"MaxLotReduction=50%","ExecConf=62 Band=CAUTION Spread=60 Vol=50 Trend=70 News=75 Broker=40 | MaxLotReduction=50%",PENDING_ONLY
2026-07-30T09:11:07.462Z,39,"Latency",61.70,CAUTION,REDUCE_LOT,0.5,0.25,2671.4,2681.5,2666,10,3,0.0081,"MaxLotReduction=50%","ExecConf=62 Band=CAUTION Spread=60 Vol=50 Trend=70 News=75 Broker=40 | MaxLotReduction=50%",PENDING_ONLY
2026-07-30T09:11:07.462Z,40,"Latency",61.70,CAUTION,REDUCE_LOT,0.5,0.25,2669.5,2682,2666.5,10,4,0.0082,"MaxLotReduction=50%","ExecConf=62 Band=CAUTION Spread=60 Vol=50 Trend=70 News=75 Broker=40 | MaxLotReduction=50%",PENDING_ONLY
2026-07-30T09:11:07.462Z,41,"Latency",61.70,CAUTION,REDUCE_LOT,0.5,0.25,2671.2,2682.5,2667,10,5,0.0081,"MaxLotReduction=50%","ExecConf=62 Band=CAUTION Spread=60 Vol=50 Trend=70 News=75 Broker=40 | MaxLotReduction=50%",PENDING_ONLY
2026-07-30T09:11:07.462Z,42,"Latency",61.70,CAUTION,REDUCE_LOT,0.5,0.25,2672.9,2683,2667.5,10,6,0.0090,"MaxLotReduction=50%","ExecConf=62 Band=CAUTION Spread=60 Vol=50 Trend=70 News=75 Broker=40 | MaxLotReduction=50%",PENDING_ONLY
2026-07-30T09:11:07.462Z,43,"Latency",61.70,CAUTION,REDUCE_LOT,0.5,0.25,2671,2683.5,2668,10,1,0.0079,"MaxLotReduction=50%","ExecConf=62 Band=CAUTION Spread=60 Vol=50 Trend=70 News=75 Broker=40 | MaxLotReduction=50%",PENDING_ONLY
2026-07-30T09:11:07.462Z,44,"Latency",61.70,CAUTION,REDUCE_LOT,0.5,0.25,2672.7,2684,2668.5,10,2,0.0082,"MaxLotReduction=50%","ExecConf=62 Band=CAUTION Spread=60 Vol=50 Trend=70 News=75 Broker=40 | MaxLotReduction=50%",PENDING_ONLY
2026-07-30T09:11:07.462Z,45,"Latency",61.70,CAUTION,REDUCE_LOT,0.5,0.25,2674.4,2684.5,2669,10,3,0.0075,"MaxLotReduction=50%","ExecConf=62 Band=CAUTION Spread=60 Vol=50 Trend=70 News=75 Broker=40 | MaxLotReduction=50%",PENDING_ONLY
2026-07-30T09:11:07.462Z,46,"Latency",61.70,CAUTION,REDUCE_LOT,0.5,0.25,2672.5,2685,2669.5,10,4,0.0075,"MaxLotReduction=50%","ExecConf=62 Band=CAUTION Spread=60 Vol=50 Trend=70 News=75 Broker=40 | MaxLotReduction=50%",PENDING_ONLY
2026-07-30T09:11:07.462Z,47,"Latency",61.70,CAUTION,REDUCE_LOT,0.5,0.25,2674.2,2685.5,2670,10,5,0.0086,"MaxLotReduction=50%","ExecConf=62 Band=CAUTION Spread=60 Vol=50 Trend=70 News=75 Broker=40 | MaxLotReduction=50%",PENDING_ONLY
2026-07-30T09:11:07.462Z,48,"Latency",61.70,CAUTION,REDUCE_LOT,0.5,0.25,2675.9,2686,2670.5,10,6,0.0085,"MaxLotReduction=50%","ExecConf=62 Band=CAUTION Spread=60 Vol=50 Trend=70 News=75 Broker=40 | MaxLotReduction=50%",PENDING_ONLY
2026-07-30T09:11:07.462Z,49,"Latency",61.70,CAUTION,REDUCE_LOT,0.5,0.25,2674,2686.5,2671,10,1,0.0084,"MaxLotReduction=50%","ExecConf=62 Band=CAUTION Spread=60 Vol=50 Trend=70 News=75 Broker=40 | MaxLotReduction=50%",PENDING_ONLY
2026-07-30T09:11:07.462Z,50,"Latency",61.70,CAUTION,REDUCE_LOT,0.5,0.25,2675.7,2687,2671.5,10,2,0.0080,"MaxLotReduction=50%","ExecConf=62 Band=CAUTION Spread=60 Vol=50 Trend=70 News=75 Broker=40 | MaxLotReduction=50%",PENDING_ONLY
